"StockCode","TotalQuantity","TotalRevenue","OrderCount"
"22423","24899","286486.3","3317"
"23843","80995","168469.6","1"
"84879","79913","127074.17","2652"
"47566","23607","103880.23","2077"
"23166","77916","81416.73","195"
"22086","29477","79594.33","1691"
"79321","15735","72860.14","922"
"22386","37711","68439.19","1767"
"21137","19629","67209.44","539"
"48138","9974","64973.98","1511"
"20685","9545","61829.13","1478"
"82484","10893","60513.09","1048"
"20725","38314","60271.7","2579"
"21843","5891","59648.09","1279"
"22197","77971","59101.69","1752"
"84347","29498","57779.17","525"
"22502","3128","55017.6","568"
"21621","6542","54815.12","1121"
"22189","18113","52627.29","1129"
"22470","17866","52157.68","1743"
"21623","7158","51465.62","499"
"23084","27202","51346.2","801"
"20914","18524","50983.88","1790"
"21733","17643","50010.85","1631"
"21181","24513","48564","1549"
"21931","26239","48255.8","1714"
"22139","10107","47787.6","1838"
"22112","10326","47555.84","1447"
"22910","17294","47240.02","1233"
"22178","37851","46440.91","1442"
"22411","24690","45784.63","1680"
"48194","7556","45590.18","1138"
"71477","15489","45034.37","686"
"22469","27182","45020.95","1779"
"48187","7205","44764.75","1151"
"22111","9487","44368.05","1457"
"21212","91263","44067.34","2508"
"21929","24431","43883.88","1228"
"21754","7468","43837.76","1831"
"22138","9052","43155.06","1742"
"21731","27867","42913.71","1043"
"21175","20432","42491.84","1422"
"21928","23618","42340.92","1172"
"21232","35764","41989.92","1893"
"22090","15333","41953.19","1265"
"21915","37097","41939.65","884"
"21523","6669","41691.67","893"
"22457","14508","41203.92","1637"
"22326","14921","41078.27","1147"
"20727","25820","40586.2","1997"
"48185","6430","39700.88","736"
"22383","24262","38632.7","2004"
"22328","14108","38214.64","990"
"84946","32481","37794.78","1323"
"82486","4787","37753.53","1188"
"23203","19516","37684.38","1080"
"82482","15919","37679.6","1658"
"21166","19833","37387.49","1225"
"20728","23575","37071.43","1797"
"22629","20661","36862.29","1108"
"22114","9325","36269.27","1298"
"23298","7785","36173.95","1009"
"22083","13116","35924.86","1075"
"23284","5342","35913.85","648"
"85066","2997","35889.48","809"
"20713","19832","35822.62","920"
"21485","7562","35559.18","1225"
"22960","8702","34851.72","903"
"21524","5130","33665.65","1000"
"22699","12374","33662.7","1070"
"22720","7020","33347.8","1146"
"20726","21115","33333.11","1585"
"22384","20494","32681.5","1845"
"22188","12382","32379.54","487"
"21755","5492","32325.16","1485"
"22727","8856","31993.09","1144"
"22382","19679","31485.95","1919"
"22630","17623","31443.49","998"
"85152","16404","31138.05","1300"
"22385","16545","30096.57","971"
"48184","4652","29992.46","755"
"22622","3119","29731.56","511"
"20712","15929","29504.5","915"
"22865","14623","29433.43","1058"
"82483","4998","29150.02","1053"
"20679","6134","29140.67","622"
"15036","41078","28829.32","634"
"22379","14507","28377.08","1013"
"22659","16047","28121.77","764"
"22752","3579","28023.09","577"
"22492","44809","27835.09","635"
"22666","9807","27804.37","1277"
"22077","16284","27457.34","1361"
"48188","4777","27143.95","597"
"22467","11852","27051.53","928"
"21977","55270","26733.45","1578"
"23245","5856","26625.68","718"
"20750","3694","26581.78","867"
"72741","19727","26508.95","823"
"23199","13887","26451.26","718"
"84991","53495","26121.57","1765"
"22726","6980","25900.21","1041"
"21217","2727","25879.65","768"
"22866","12554","25251.36","939"
"71459","32244","25106.76","884"
"22867","12458","25071.13","907"
"82600","12609","25034.34","1005"
"22624","3014","24946.68","1065"
"84077","109169","24905.87","920"
"22697","8919","24664.09","946"
"22149","12373","24656.19","1189"
"23355","5338","24426.3","719"
"23201","12540","24175","752"
"20972","20301","24108.77","1224"
"22507","5436","23985.32","737"
"20971","20859","23975.69","1003"
"84755","39643","23848.11","1100"
"37503","2388","23827.8","465"
"84836","19715","23815.18","1244"
"22158","8439","23768.81","646"
"22551","14951","23736.15","1156"
"48111","4106","23729.14","572"
"21527","3310","23685.54","729"
"21108","12622","23534.52","408"
"22961","16617","23416.45","903"
"82583","11978","23390.22","820"
"21930","12544","23232.89","997"
"22084","8482","23182.7","704"
"21080","30214","23091","1671"
"23173","2666","23073.32","354"
"21481","7832","22658.2","834"
"84978","19216","22321.06","1087"
"22835","4827","22266.63","815"
"21231","18775","22152","1171"
"23243","4663","22133.83","385"
"22113","5909","22032.62","913"
"22728","5979","21917.48","772"
"22171","3055","21914.02","544"
"22632","11025","21869.22","721"
"20749","3060","21830.84","726"
"22734","8858","21514.48","599"
"22087","7806","21495.65","663"
"22556","13317","21288.41","1100"
"21955","3744","21288.2","576"
"22607","2427","21177.27","643"
"22969","14588","21020.8","577"
"22605","1724","21003.31","548"
"23202","10716","20963.93","772"
"21314","10603","20903.86","711"
"22554","13071","20879.23","1097"
"22585","17551","20854.88","950"
"22698","7591","20828.69","755"
"23209","13004","20817.56","1006"
"21210","14858","20761.27","931"
"20724","25999","20658.75","1495"
"22722","5378","20553.7","654"
"20711","11469","20532.63","671"
"37449","2311","20531.28","410"
"21936","7403","20496.41","783"
"21790","25765","20458.79","1480"
"22617","4303","20335.11","883"
"22941","2568","20279.4","406"
"22294","16698","20234.1","707"
"21791","17143","20204.53","1050"
"22625","2455","19926.53","781"
"22570","5585","19892.66","677"
"22568","5511","19848.46","771"
"22569","5554","19586.68","679"
"22273","7253","19480.43","701"
"85150","8224","19220.28","889"
"85048","2586","19091.7","432"
"22413","6876","19045.92","766"
"22558","13869","19029.01","1017"
"22501","2070","18943.5","497"
"48129","3089","18905.13","488"
"48116","3316","18859.15","385"
"22693","17266","18828.98","281"
"22633","9340","18807.96","790"
"21622","3563","18723.17","550"
"21559","7909","18695.99","951"
"22555","11625","18597.29","867"
"21121","15465","18546.93","788"
"21213","38927","18517.13","1156"
"84949","11965","18517.05","612"
"21908","9570","18394.64","801"
"22499","3177","18322.68","632"
"21479","4930","18319.2","738"
"23206","11565","18278.25","866"
"21340","1727","18185.06","383"
"22561","11292","18082.32","838"
"21174","9338","17977.82","855"
"22456","4048","17795.56","595"
"22147","12930","17689.3","1026"
"23344","8954","17679.72","586"
"22427","3072","17667.58","702"
"84945","22134","17616.12","585"
"84947","15343","17543","559"
"22061","2104","17533.95","443"
"22847","1127","17521.89","445"
"22381","8838","17323.18","791"
"22560","14773","17279.14","655"
"21136","10410","17169.46","714"
"22169","2140","17040.74","570"
"22505","3648","16812.74","655"
"21218","4737","16513.95","588"
"21156","9120","16490.92","797"
"84992","34541","16475.22","1176"
"23240","4103","16432.25","485"
"22837","3658","16376.9","368"
"71053","4570","16261.36","595"
"21216","3543","16242.17","522"
"22297","13182","16140.34","646"
"22900","5651","16138.05","507"
"21035","5612","16127.16","619"
"22352","6780","16112.89","836"
"21164","5912","16103.84","630"
"22191","1969","16070.1","592"
"22557","10067","16010.59","991"
"21258","1369","15975.63","344"
"21535","6615","15966.45","956"
"22424","1328","15964.25","559"
"22041","7162","15789.12","319"
"22355","19811","15768.15","1191"
"22296","9666","15630.58","739"
"21877","13987","15564.11","650"
"21533","3273","15532.15","845"
"22662","9827","15489.99","872"
"22690","2505","15424.51","401"
"22634","1665","15387.9","464"
"22952","30764","15338.36","904"
"22333","9938","15245.78","597"
"22652","9583","15239.31","716"
"20719","19288","15235.59","1062"
"21122","12632","15225.77","739"
"22193","1863","15224.09","555"
"21430","4298","15218.46","578"
"84375","7585","15209.07","626"
"22776","1611","15182.65","595"
"22635","1630","15106.35","450"
"22366","2390","15080.68","434"
"21914","12159","15078.72","815"
"21975","31105","14941.21","1133"
"22170","2344","14894.9","510"
"21889","12193","14877.12","869"
"82582","7495","14876","696"
"17003","71129","14827.71","387"
"21891","11833","14745.53","664"
"21484","4274","14692.92","676"
"22619","3917","14503.3","577"
"21844","5244","14473.8","422"
"20718","12336","14460.51","866"
"22367","7779","14444.79","1003"
"22487","1529","14350.66","808"
"22759","8978","14333.1","634"
"21165","9154","14195.14","779"
"22993","11792","14180.17","866"
"84050","10206","14163.98","557"
"22940","3446","14142.18","547"
"84378","11135","14022.84","944"
"22150","7767","14018.05","829"
"21770","2901","13951.56","580"
"22365","2246","13948.4","348"
"22667","4960","13868.8","820"
"22606","1030","13850.34","337"
"21380","4902","13843.9","540"
"22295","8482","13717.02","620"
"21169","8719","13568.71","621"
"22730","3615","13566.5","616"
"22271","4836","13496.66","691"
"21094","18278","13455.18","692"
"22356","16711","13398.09","1108"
"22804","5021","13244.63","587"
"22173","4644","13158.84","714"
"22692","1937","13120.31","460"
"23356","2352","13115.4","449"
"22236","1088","13108.8","391"
"22636","1611","13100.58","460"
"23200","6733","13043.24","470"
"21259","2283","13028.36","553"
"23313","2755","12994.77","359"
"23108","2194","12985.23","351"
"21390","10710","12959.14","482"
"35970","7898","12885.7","545"
"22655","76","12845","52"
"21704","16938","12838.08","464"
"22621","8401","12833.17","719"
"22749","3516","12816.58","621"
"21871","11277","12722.38","600"
"22946","876","12707.1","208"
"22766","4343","12566.33","580"
"22627","1512","12525.99","558"
"22909","15872","12525.56","889"
"23301","7740","12493.48","756"
"21672","10377","12465.37","625"
"62018","9551","12419.65","123"
"22584","5082","12400.04","512"
"22846","804","12398.41","311"
"21539","2636","12393","585"
"21155","5872","12382.27","724"
"22553","7632","12357.6","905"
"21669","10073","12338.81","639"
"21912","3435","12337.97","615"
"22485","1003","12248.25","341"
"22303","5323","12213.1","480"
"22654","2150","12196.02","440"
"21124","10026","12131.22","599"
"85042","2669","12085.95","281"
"21888","3269","12064.95","626"
"23207","7554","12029.06","647"
"22838","883","12015.23","228"
"84380","9673","11920.3","814"
"22179","1847","11880.19","401"
"22464","7541","11782.15","645"
"84212","24672","11764.32","258"
"20723","14654","11750","988"
"22646","8890","11689.26","697"
"23077","9662","11640.7","308"
"21668","9496","11582","614"
"23174","2956","11575.54","268"
"22243","7611","11574.15","321"
"22082","7119","11564.43","819"
"22207","2920","11523.36","324"
"22192","1391","11511.78","511"
"22750","3146","11495.76","597"
"20975","18017","11452.25","763"
"21787","14752","11414.08","350"
"22834","7213","11411.33","484"
"22943","2461","11350.13","286"
"20969","3138","11335.41","518"
"22623","2235","11329.42","500"
"21673","9390","11297.98","563"
"22444","9203","11262.07","328"
"21906","1663","11235.65","311"
"20676","9598","11203.13","720"
"22198","7078","11200.3","478"
"22950","8216","11188.4","307"
"22301","4863","11162.79","466"
"22088","4047","11113.45","478"
"22151","27416","11049.33","645"
"84987","7843","11028.83","642"
"21498","27147","11008.74","799"
"21260","3449","10932.35","442"
"21428","2805","10897.05","363"
"22631","5923","10893.23","469"
"21671","9027","10882.47","568"
"22988","9389","10860.22","349"
"84988","7680","10852.65","618"
"22649","2250","10810.6","414"
"22616","38084","10809.66","633"
"35400","1247","10781.7","331"
"22637","4408","10708.52","496"
"21326","17578","10697.3","532"
"22768","1150","10668.39","320"
"22729","2887","10637.94","500"
"21937","3820","10629","499"
"22740","12887","10623.23","205"
"22109","2939","10555.89","389"
"22417","21049","10549.99","911"
"21868","8934","10545.18","719"
"22580","1818","10534.58","388"
"22791","9153","10513.34","332"
"21907","5090","10504.15","694"
"21172","7517","10498.57","804"
"22468","1668","10486.14","335"
"22508","2741","10456","577"
"21242","6512","10388.96","519"
"22274","3728","10383.66","578"
"22488","6496","10356.56","653"
"21749","5454","10331.4","215"
"21833","6237","10273.65","337"
"22663","5389","10249.81","526"
"21429","6131","10240.35","764"
"22418","12308","10231.7","473"
"23170","6575","10190.79","328"
"22595","12520","10176.34","640"
"20828","4275","10091.25","499"
"21670","8204","10078.48","580"
"21624","1725","10077.23","350"
"22302","4815","10061.26","352"
"23208","6225","10006.45","597"
"23300","6303","9963.39","635"
"22968","1093","9941.55","243"
"21982","32050","9941.4","521"
"22620","7696","9935.93","654"
"22466","5652","9928.2","308"
"22966","8220","9840.41","610"
"22840","1318","9839.38","377"
"16014","30369","9838.98","92"
"22795","1519","9817.25","402"
"21257","1294","9765.14","360"
"23343","4908","9748.34","385"
"22348","11984","9739.46","690"
"21922","1286","9671.74","330"
"23076","7920","9668.16","248"
"21086","16070","9666.7","621"
"22970","4246","9666.3","276"
"84880","1745","9629.05","327"
"22694","4621","9521.1","720"
"21756","1599","9501.88","519"
"21890","3344","9489.36","411"
"84792","2229","9456.53","437"
"22064","6304","9450.6","479"
"20754","4866","9436.32","679"
"20979","7804","9411.48","518"
"20829","4728","9409.19","404"
"22120","978","9398.65","316"
"21531","3952","9389.1","612"
"21974","6655","9379.31","557"
"21735","799","9350.4","202"
"21558","3917","9330.45","532"
"22656","45","9290","37"
"20682","2938","9284.16","478"
"22300","4025","9281.49","411"
"22942","1224","9278.45","217"
"22668","3301","9269.31","381"
"22904","3241","9245.99","398"
"82552","6836","9209.91","654"
"22767","994","9204.78","279"
"22180","946","9186.5","358"
"23171","5966","9184.9","270"
"22978","2407","9184.28","197"
"22144","4475","9171.3","535"
"22349","2399","9112.75","318"
"21745","2707","9110.65","460"
"22380","4682","9102.8","549"
"22429","2201","9088.29","526"
"51008","2828","9051.6","72"
"22549","6367","9023.99","540"
"23175","3066","9008","272"
"22131","5032","8976.82","496"
"20970","2449","8969.27","504"
"21892","7389","8959.42","601"
"22992","4917","8950.29","285"
"22089","3205","8868.7","421"
"21781","611","8848.45","314"
"22741","10345","8712.91","196"
"22844","1056","8685.99","366"
"22121","1462","8640.64","386"
"79000","11609","8633.81","333"
"22725","2330","8607.84","419"
"21769","134","8562.52","48"
"22947","779","8561.65","162"
"23582","4447","8535.26","234"
"23581","4373","8529.24","302"
"21980","31276","8517.18","569"
"21985","24938","8491.52","734"
"21154","7170","8478.82","593"
"21385","10301","8456.33","505"
"22812","4459","8423.57","351"
"23318","3647","8350.41","329"
"22244","4606","8330.1","281"
"22989","2697","8323.17","311"
"84839","1493","8302.95","351"
"21135","5860","8302.12","380"
"35961","10734","8300.22","397"
"22771","6833","8274.61","383"
"37370","7283","8271.45","344"
"21243","5211","8265.15","395"
"20974","12961","8219.45","684"
"23319","3539","8216.79","365"
"22895","2793","8213.59","354"
"22751","2259","8205.29","414"
"23322","2908","8184.7","511"
"20677","7015","8175.3","545"
"21777","1073","8173.35","312"
"23082","2265","8129.43","263"
"21933","3815","8127.01","469"
"23256","2018","8123.78","324"
"22357","1891","8120.59","316"
"22215","1042","8117.8","319"
"23078","6607","8077.31","213"
"21042","1432","8032.9","336"
"23080","1003","7962.03","221"
"21488","2165","7945.75","301"
"21935","5048","7942.62","452"
"21381","4935","7916.79","376"
"22275","975","7877.8","280"
"21588","3398","7868.4","284"
"22078","3859","7861.4","385"
"21098","6681","7833.11","412"
"21716","3365","7818.53","306"
"22072","2248","7785.8","402"
"22079","4783","7748.19","542"
"21186","5022","7737.3","274"
"21658","2037","7708.95","345"
"22195","4719","7687.47","520"
"21874","6257","7678.51","455"
"85064","1727","7676.47","239"
"23439","3762","7660.2","371"
"22779","2019","7645.39","191"
"22796","785","7623.7","293"
"22827","49","7605","35"
"21715","3239","7592.37","317"
"21244","4783","7587.91","363"
"22354","2110","7577.92","237"
"22212","3781","7563.51","608"
"85067","480","7562.86","154"
"22327","2661","7537.95","464"
"22890","804","7515.22","230"
"23328","2067","7510.29","281"
"21875","6714","7491.42","326"
"22329","4801","7484.65","421"
"21870","6225","7472.31","539"
"82551","5388","7456.69","550"
"22748","3604","7414.61","616"
"22242","4735","7390.35","305"
"21737","399","7360.05","163"
"22665","2586","7323.26","507"
"22809","2543","7322.21","327"
"21932","3533","7302.76","494"
"21411","1978","7281.34","507"
"22813","3869","7230.33","290"
"22493","4578","7227.78","352"
"21976","14289","7203.43","713"
"21463","1347","7195.8","280"
"22073","1981","7194.75","360"
"22689","1006","7187.54","211"
"23238","1788","7170.6","233"
"22784","1517","7145.67","323"
"22219","8515","7128.55","726"
"84692","17637","7101.35","721"
"22371","1553","7094.23","505"
"21238","8752","7092.62","700"
"22628","1519","7071.05","250"
"23007","450","7065.5","142"
"21114","5707","7065.43","460"
"22745","3439","7049.05","556"
"48189","1227","7040.49","207"
"21497","17575","7009.5","483"
"22283","939","7008.89","297"
"20675","5923","6967.2","533"
"23215","3547","6962.04","197"
"22489","17244","6954.45","609"
"22550","1943","6951.5","346"
"22780","1844","6937.88","177"
"21981","26115","6929.43","386"
"23320","2635","6926.11","310"
"21984","25295","6922.05","350"
"22465","4483","6917.53","386"
"22839","500","6899.76","188"
"22029","17291","6894.8","861"
"22588","2691","6878.91","400"
"23543","1228","6877.72","94"
"85220","12236","6875","5"
"21561","2882","6867.63","441"
"22626","831","6865.93","305"
"22618","720","6848.64","224"
"22563","5926","6842.65","481"
"22938","3690","6837.68","251"
"23321","4283","6832.83","582"
"23236","2459","6828.31","284"
"22567","5593","6822.83","431"
"22991","3710","6820.74","234"
"21115","1173","6820.51","356"
"22592","1833","6801.85","251"
"85065","586","6785.5","232"
"22055","4511","6764.23","476"
"10002","8624","6761.52","297"
"21361","548","6760.2","250"
"82580","12722","6754.26","927"
"23493","3522","6747.9","349"
"23083","1860","6739.63","209"
"22353","2806","6728.7","371"
"22645","4915","6722.23","556"
"21746","5640","6708.28","381"
"23254","1664","6704","276"
"11001","4325","6696.69","178"
"22738","4169","6690.73","352"
"23297","4260","6677","140"
"21592","5976","6676.6","466"
"22085","2490","6675.5","192"
"84568","34657","6644.37","72"
"21903","3368","6628.98","346"
"22350","2603","6626.61","251"
"23283","967","6600.27","209"
"21033","3449","6574.9","293"
"23008","421","6567.95","120"
"22358","2315","6554.13","384"
"22798","2279","6544.01","258"
"22907","8190","6539.52","675"
"23109","2325","6528.25","228"
"21500","16050","6479","489"
"37450","2363","6475.25","313"
"23293","8243","6469.45","465"
"22661","8143","6458.49","536"
"23103","3939","6456.15","316"
"21563","2714","6447.22","302"
"37448","4485","6443.61","433"
"21041","2274","6434.3","330"
"22141","3141","6419.38","434"
"22833","191","6417.22","11"
"23134","1064","6414.48","37"
"22174","4185","6410.81","303"
"22783","488","6404.82","44"
"20717","5371","6398.53","500"
"22199","1691","6394.21","273"
"22810","2182","6391.98","280"
"22059","4943","6389.51","365"
"22669","2195","6355.25","334"
"22221","885","6348.95","138"
"22528","5369","6337.33","449"
"23229","1804","6336.43","219"
"23534","1207","6326.83","194"
"22360","2309","6322.55","303"
"22644","4800","6316.68","465"
"47502","617","6307.15","58"
"22414","1126","6306.54","162"
"22332","4085","6297.05","334"
"21876","5349","6280.37","403"
"21107","2310","6276.9","228"
"85175","15654","6275.96","409"
"22577","13136","6265.68","727"
"23553","558","6257.35","62"
"22220","713","6249.95","244"
"22432","3411","6249.35","430"
"22739","3775","6240.99","426"
"22080","3841","6239.65","438"
"21584","3869","6235.05","347"
"22504","277","6216.55","76"
"22826","58","6210","41"
"21499","15425","6196.5","458"
"22830","306","6186.54","16"
"22945","7555","6183.31","278"
"37500","827","6166.57","216"
"21586","2648","6162.9","236"
"23382","1712","6155.04","163"
"23541","829","6154.69","120"
"22526","519","6146.37","187"
"23480","1719","6126.09","173"
"85068","923","6105.51","173"
"22849","396","6093.96","151"
"22224","2130","6090.7","304"
"22431","3214","6073","498"
"22582","2477","6071.26","252"
"85047","996","6055.8","201"
"85062","3804","6049.47","278"
"21201","2644","6018.6","183"
"22187","2022","6008.02","290"
"21989","8102","5997.74","468"
"22430","1302","5985.74","303"
"23307","11675","5982.09","504"
"22045","14542","5981.64","469"
"85178","5439","5958.79","254"
"22491","7446","5936.76","360"
"23535","1128","5928.36","162"
"85174","1353","5924.67","229"
"22435","4828","5923.04","445"
"22142","4198","5898.54","429"
"22596","6120","5898.32","402"
"22130","7118","5892.74","358"
"20973","9255","5883.15","514"
"20751","2834","5857.92","408"
"23169","1453","5837.95","262"
"22185","3809","5833.55","375"
"21625","865","5818.29","245"
"22979","3920","5795.86","304"
"23247","2060","5795.2","271"
"23172","3688","5793.28","224"
"22855","4819","5791.19","345"
"22781","788","5786.54","225"
"22841","761","5771.23","286"
"22848","376","5748.65","133"
"22377","3214","5745.49","288"
"22498","997","5740.15","294"
"21918","14255","5735.38","585"
"23485","259","5719","80"
"23113","1138","5695.86","43"
"22119","924","5691.36","330"
"23296","4879","5687.15","319"
"21730","1209","5681.19","259"
"23204","7039","5632.15","425"
"22311","1955","5630.05","190"
"22898","3004","5626.7","374"
"22065","8380","5609.02","333"
"22971","2365","5603.57","233"
"22063","2185","5603.35","258"
"22364","1902","5583.1","224"
"22331","3529","5570.21","345"
"22951","10877","5564.71","517"
"23311","2199","5564.25","281"
"21988","7667","5559.35","350"
"23312","1365","5527.15","193"
"21768","460","5507.74","123"
"21703","14501","5505.13","452"
"22578","12369","5493.37","664"
"21110","1260","5487.2","229"
"21240","6832","5486.88","568"
"22899","2724","5482.58","354"
"22575","2888","5479.8","299"
"22964","2725","5477.74","321"
"22168","660","5476.8","304"
"21587","2193","5462.55","255"
"22148","3004","5449.8","243"
"72756","4003","5446.07","127"
"22746","2651","5422.22","460"
"37495","1521","5415.75","288"
"23118","765","5399.02","225"
"22845","895","5384.78","295"
"22441","2593","5379.3","390"
"23135","1538","5378.8","42"
"21207","3495","5361.95","212"
"23531","963","5340.21","97"
"22070","1761","5334.76","275"
"22060","718","5313.02","143"
"21432","928","5304.6","227"
"23126","1089","5297.03","271"
"21239","6549","5292.87","551"
"21452","1833","5289.75","328"
"79067","1492","5286.2","275"
"22341","3345","5274.05","139"
"21667","329","5272.55","141"
"23583","3315","5267.75","298"
"22842","824","5243.6","219"
"22437","6380","5238.4","358"
"22854","1104","5232.4","216"
"22460","4314","5231.09","289"
"22763","659","5228.89","119"
"23192","3286","5225.22","312"
"22660","840","5207.76","148"
"22670","4339","5206.36","315"
"22564","4580","5204.51","312"
"21491","2846","5204.1","222"
"21934","3284","5198.6","345"
"84832","6237","5187.57","442"
"21900","8176","5187.24","654"
"22282","475","5176.67","143"
"20983","6108","5160.6","546"
"85038","2621","5156.14","282"
"23133","759","5142.91","134"
"22483","1830","5133.78","302"
"22602","6313","5127.37","405"
"22737","3120","5126.84","381"
"23158","2538","5121.48","187"
"21078","6566","5120.72","537"
"21495","12465","5119.3","375"
"23188","3098","5103.46","282"
"79029","2863","5100.45","292"
"22443","666","5088.54","238"
"22030","12664","5084.13","601"
"23132","1022","5069.58","141"
"40016","15559","5069.48","196"
"22117","1727","5060.45","196"
"23157","2543","5058.59","145"
"22534","12522","5051.88","467"
"23177","2431","5036.55","214"
"21872","5061","5029.25","285"
"22165","783","5020.41","127"
"21528","841","5007.15","215"
"35832","1689","5001.75","162"
"21112","2085","4996.23","128"
"23154","2472","4986.49","214"
"21069","4952","4973.15","178"
"22687","837","4966.93","113"
"22196","5906","4963.55","565"
"22156","5882","4956.67","414"
"23556","438","4949.55","52"
"22956","2557","4935.96","225"
"22335","8096","4935.4","336"
"22894","549","4929.95","173"
"21832","3053","4928.93","281"
"22175","1770","4926.48","296"
"22186","1930","4917.54","284"
"22433","2713","4906.07","352"
"22378","3069","4898.96","288"
"23310","11891","4894.83","213"
"21700","5852","4893.08","325"
"22957","1749","4881.15","196"
"22688","890","4865.26","85"
"22906","3043","4852.95","346"
"37446","3615","4837.15","311"
"84937","2487","4829.92","83"
"23263","3747","4829.08","389"
"21056","539","4806.93","179"
"22610","12242","4802.42","223"
"23162","1362","4789.24","142"
"82599","2352","4779.3","354"
"23555","422","4768.15","48"
"84950","7554","4767.94","221"
"23554","421","4755.65","54"
"22442","869","4741.11","164"
"22434","2561","4732.13","262"
"22772","3984","4726.91","214"
"22509","379","4725.05","172"
"22399","4048","4724.84","255"
"22896","1983","4713.52","291"
"20978","3834","4710.42","396"
"21577","2237","4709.25","330"
"22128","3957","4701.15","186"
"23052","571","4694.75","221"
"22472","1059","4693.77","203"
"22998","11769","4693.4","437"
"22115","2726","4689.68","350"
"22412","2298","4686.3","308"
"22200","1174","4683.54","230"
"23295","5963","4675.61","359"
"21407","1143","4670","329"
"23314","393","4663.52","104"
"21363","942","4662.9","331"
"21116","972","4658.64","246"
"21896","2315","4655.88","226"
"21544","5804","4645.4","366"
"22562","3973","4644.29","362"
"23558","413","4641.7","47"
"84270","22470","4634.7","385"
"22691","721","4625.65","182"
"23165","2954","4624.5","220"
"22305","2254","4621","126"
"23159","2283","4620.97","195"
"22604","1952","4584.01","221"
"23234","1635","4576.05","232"
"21713","2613","4573.05","325"
"22304","2376","4572.41","142"
"22222","1229","4561.95","297"
"23569","933","4531.95","174"
"22593","5421","4528.29","311"
"23286","4901","4528.29","164"
"22571","5532","4527.48","379"
"21071","4175","4523.96","314"
"22241","3836","4520.56","335"
"22583","1789","4519.35","284"
"22276","1829","4497.45","303"
"47568","2267","4489.28","320"
"85063","277","4489.15","150"
"21986","13154","4483.94","376"
"22027","10964","4461.17","636"
"21614","1608","4455.6","178"
"23010","285","4444.75","89"
"21313","5971","4444.39","258"
"22075","3092","4437.98","256"
"48197","785","4437.95","137"
"20977","3572","4437.64","357"
"21718","3706","4431.32","308"
"22203","1237","4424.14","270"
"22218","1116","4419.5","183"
"22110","1936","4412.51","323"
"22672","2739","4409.07","298"
"22318","1501","4399.15","286"
"82581","8228","4394.62","728"
"84467","306","4391.1","45"
"23285","4679","4384.83","132"
"23176","2090","4377.76","186"
"22801","1197","4374.6","226"
"21471","1238","4373.7","229"
"21706","1217","4369.18","184"
"22732","3543","4358.59","243"
"21506","10838","4351.8","544"
"23198","3067","4346.99","374"
"23526","882","4346.82","91"
"22374","909","4337.09","341"
"23275","3642","4327.42","270"
"21967","15702","4319.76","371"
"21578","1926","4315.5","276"
"21591","3470","4305.58","356"
"22071","1525","4299.45","236"
"22892","3519","4289.31","274"
"21249","1578","4289.1","189"
"22908","5479","4288.09","410"
"21564","1912","4281.72","254"
"21878","5392","4280.82","290"
"23530","1043","4270.95","74"
"21916","10549","4267.42","537"
"23288","4505","4261.89","134"
"22361","1541","4260.35","264"
"23503","3435","4246.71","327"
"22653","2242","4244.16","231"
"22611","897","4232.55","185"
"22291","3120","4228.8","209"
"20747","310","4227.5","70"
"22926","728","4223.6","201"
"23494","726","4218.7","176"
"23389","1050","4217.5","205"
"20681","1327","4213.75","274"
"23237","1044","4212.2","169"
"22451","1291","4209.65","197"
"22299","3844","4208.94","128"
"22574","4952","4208.42","309"
"21537","1012","4200","226"
"23167","5666","4184.18","177"
"22733","3352","4175.04","253"
"21609","1503","4174.65","207"
"21534","871","4170.75","295"
"21899","6637","4170.23","523"
"21068","4227","4165.45","257"
"22476","1234","4143.82","188"
"21590","3446","4138.78","280"
"22601","5053","4126.57","330"
"22426","1195","4122.05","273"
"79341","703","4121.25","63"
"23404","969","4108.58","136"
"23205","5152","4106.72","345"
"21143","2147","4100.25","152"
"23241","2024","4099.52","284"
"20967","1110","4097.34","272"
"10135","3920","4089.39","249"
"22285","2663","4081.35","212"
"22278","835","4077.25","239"
"21811","5869","4075.47","270"
"21355","3411","4072.15","278"
"23397","434","4069.9","176"
"22760","339","4066.65","103"
"21474","203","4049.85","92"
"22449","1224","4047.33","234"
"22127","3475","4035.95","146"
"20961","3275","4021.91","314"
"22454","1452","4009.8","163"
"22800","1081","4002.13","189"
"22736","2425","3984.41","298"
"22474","905","3982.59","189"
"22959","9738","3981.96","281"
"21245","2456","3967.92","254"
"22851","5033","3966.71","451"
"20982","4678","3965.38","487"
"21707","957","3958.37","132"
"22775","3240","3953.81","183"
"22053","4520","3951.42","66"
"22721","910","3949.72","246"
"23163","1714","3949.7","134"
"22548","3370","3941.85","375"
"79320","862","3940.7","122"
"22530","9824","3937.44","375"
"20963","3203","3935.54","293"
"23129","942","3933.18","165"
"37447","2725","3924.65","264"
"22536","10090","3924.6","327"
"22425","816","3923.81","261"
"21901","6151","3922.47","575"
"21034","4120","3914","1857"
"23340","2465","3899.25","122"
"22612","988","3885.93","96"
"22790","200","3884","1"
"22747","1915","3883.5","327"
"23144","4894","3879.98","237"
"23486","267","3879.15","68"
"22573","4666","3878.74","290"
"23557","347","3867.85","29"
"21987","6341","3862.45","347"
"23255","963","3856.59","143"
"71038","729","3854.65","144"
"22600","4665","3853.71","345"
"21743","1384","3852.4","139"
"22167","528","3850.8","166"
"22639","1624","3842.52","248"
"21153","370","3832.5","123"
"21679","4771","3824.47","268"
"23306","2692","3819.94","209"
"22797","228","3812.94","125"
"22594","4530","3810.72","290"
"20674","3143","3806.84","360"
"22359","1242","3800.02","155"
"21810","6421","3783.35","241"
"23012","1017","3775.49","198"
"23193","1855","3768.57","137"
"23050","459","3763.55","176"
"21714","3396","3756.12","322"
"22272","1367","3755.71","276"
"21064","745","3754.05","103"
"21470","1028","3750.93","266"
"21494","2889","3750.28","241"
"23184","778","3749.5","197"
"23130","918","3748.42","167"
"20981","4492","3743.32","427"
"22284","2383","3734.55","233"
"23309","7727","3729.05","294"
"47580","1562","3725.86","263"
"22965","1824","3717.02","228"
"22782","254","3712.3","84"
"21472","1009","3706.95","235"
"22723","1059","3705.89","235"
"23351","3058","3699.02","271"
"23194","1754","3688.67","170"
"22398","4278","3688.09","394"
"85053","1854","3686.19","277"
"23110","664","3685.2","219"
"22788","466","3679.6","68"
"22544","9364","3677.06","261"
"21913","1010","3672.52","204"
"22980","2289","3661.89","242"
"22823","32","3655","18"
"22843","582","3652.48","162"
"21109","1063","3652.05","162"
"21911","2393","3641.25","256"
"23131","894","3636.78","108"
"21795","436","3632.97","76"
"22245","4451","3631.55","273"
"23032","2264","3630","182"
"22704","8825","3626.5","293"
"23064","220","3617.6","22"
"22458","1493","3614.91","151"
"23081","454","3614.64","115"
"22744","1433","3611.23","254"
"23092","509","3584.06","125"
"23049","435","3572.75","169"
"23299","983","3567.67","122"
"35924","2008","3564.9","100"
"22118","785","3561.33","243"
"22497","848","3554","205"
"22292","2652","3550.2","181"
"22125","613","3544.35","157"
"22777","447","3543.65","76"
"84598","18241","3542.61","41"
"70006","4212","3541.7","171"
"22778","964","3521.08","144"
"23191","2176","3520.4","245"
"22057","2924","3515.64","173"
"22445","1207","3514.85","212"
"23497","2514","3513.1","172"
"23127","714","3511.34","182"
"22591","1296","3504.74","174"
"22962","4395","3503.31","257"
"23089","2136","3497.22","134"
"22334","2214","3489.94","246"
"21992","2088","3489.84","308"
"23085","374","3489.7","72"
"23091","570","3488.25","192"
"20665","1187","3484.85","222"
"23232","8626","3478.92","238"
"22765","325","3467.67","42"
"23111","296","3464.8","124"
"23349","2857","3462.89","246"
"22202","964","3456.6","156"
"22227","5332","3455.6","381"
"22731","2795","3453.43","203"
"20692","883","3451.25","116"
"21509","8575","3445.03","498"
"23112","472","3444.8","183"
"23542","484","3442.68","70"
"22314","1058","3427.64","180"
"20748","363","3422.25","114"
"22320","582","3414.26","169"
"22743","1335","3411.21","263"
"23210","2803","3377.75","154"
"84352","207","3376.65","118"
"22807","1232","3364.84","183"
"21717","1408","3363.6","143"
"22764","181","3362.57","24"
"22047","8275","3361.5","260"
"23294","4292","3360.18","291"
"22579","6789","3349.01","460"
"22478","2546","3348.1","216"
"23552","1731","3338.8","103"
"22589","1280","3337.64","197"
"47505","717","3336.65","160"
"23571","2036","3330.6","216"
"20966","2690","3324.5","232"
"22822","588","3324.11","168"
"21556","1386","3321.9","174"
"23189","1215","3319.35","113"
"84580","883","3315.05","312"
"21067","4525","3312.72","180"
"23156","1638","3311.78","184"
"22312","1037","3310.69","188"
"21902","5320","3306.34","408"
"22603","4014","3294.9","301"
"22440","8449","3288.78","258"
"22769","168","3286.6","35"
"23168","2850","3285.67","220"
"23332","1996","3283.8","267"
"23536","613","3274.03","74"
"21507","8066","3270.24","470"
"20702","779","3267.25","237"
"22461","398","3265.3","130"
"21039","1287","3263.31","200"
"23009","209","3262.55","61"
"22902","1689","3257.44","140"
"22176","1138","3257.1","217"
"21917","7955","3252.84","381"
"21830","7844","3251.89","225"
"21349","500","3247","127"
"21123","2606","3245.44","189"
"22939","675","3242.13","152"
"21794","678","3233.62","152"
"22967","1161","3230.55","131"
"21845","2438","3229.94","144"
"21732","931","3229.17","56"
"21351","1019","3227.05","135"
"22095","3206","3219.36","188"
"21211","2338","3217.3","184"
"23013","866","3215.04","180"
"21054","361","3210.95","163"
"22494","2590","3209.4","294"
"21993","2067","3208.4","282"
"23230","7950","3207","232"
"22531","7851","3199.5","336"
"22459","1348","3195.56","148"
"23426","1232","3192.56","171"
"23239","823","3188.05","155"
"21648","2646","3184.38","120"
"21469","1099","3178.16","176"
"20886","1694","3177","244"
"23388","793","3170.95","135"
"23350","2593","3165.65","246"
"84356","661","3161.95","94"
"22863","1117","3141.55","148"
"22700","1386","3140.82","92"
"22154","7617","3130.02","227"
"22774","2651","3128.71","135"
"20992","6098","3126.5","377"
"23065","257","3115.3","92"
"22702","1577","3106.2","82"
"23308","5967","3098.21","305"
"21864","1569","3098.1","259"
"22972","1900","3095.96","191"
"21466","833","3095.39","240"
"22475","698","3092.5","200"
"21364","447","3085.65","144"
"84975","1948","3083.32","167"
"21179","4074","3082.96","359"
"22862","729","3082.25","184"
"23253","214","3082.1","47"
"23353","3735","3076.29","253"
"21812","629","3071.55","124"
"23342","367","3068.5","155"
"22076","2123","3068.37","240"
"21246","624","3055.2","137"
"22122","1055","3048.25","156"
"37501","442","3047.9","146"
"22107","865","3044.8","185"
"22428","440","3042.98","158"
"21055","333","3041.79","176"
"22406","2451","3031.53","174"
"37410","25685","3019.57","18"
"21333","1031","3017.45","197"
"22313","989","3008.69","106"
"22136","1888","3000","191"
"22477","2268","2998.7","183"
"23231","7225","2986.5","257"
"21829","14396","2982.87","300"
"22402","3415","2981.48","239"
"23346","2571","2975.75","138"
"21473","149","2972.55","86"
"23323","1426","2963.1","270"
"21477","262","2962.5","37"
"23014","800","2959.68","160"
"22963","3721","2954.59","222"
"22194","357","2952.05","142"
"23461","839","2950.05","83"
"23035","2089","2941.69","166"
"84837","241","2940.75","133"
"22347","2641","2936.45","76"
"22794","372","2931","183"
"21467","957","2927.77","212"
"21192","1889","2914.85","113"
"21705","2420","2914.56","183"
"21519","7125","2914.02","436"
"21447","2399","2909.83","228"
"82578","5436","2904.1","544"
"23242","1436","2898.56","187"
"23390","725","2888.75","146"
"23393","769","2883.75","201"
"21100","2231","2880.55","159"
"21820","778","2867.21","134"
"21354","2458","2866.1","169"
"22944","4227","2865.53","102"
"15039","4163","2863.35","180"
"22037","6883","2861.44","474"
"21990","1804","2861.2","233"
"22309","1211","2858.58","169"
"84969","666","2844.74","168"
"21206","2072","2842.8","190"
"22172","339","2839","156"
"22925","481","2838.97","171"
"22712","7153","2838.21","345"
"23182","3414","2837.57","254"
"84828","2304","2834.31","233"
"22955","1445","2826.14","156"
"23329","1712","2812.8","215"
"23056","869","2808.41","37"
"22480","2327","2799.31","245"
"22710","7129","2798.18","168"
"22067","1813","2796.33","180"
"21626","1431","2790.45","159"
"22450","839","2784.25","166"
"21328","1686","2780.5","374"
"21796","323","2769.44","66"
"22674","2288","2767.73","243"
"21682","568","2766.21","141"
"22949","1986","2764.5","143"
"22452","977","2759.95","165"
"23345","2398","2759.5","133"
"23290","2367","2757.15","174"
"23354","3346","2753.42","261"
"23051","335","2741.35","133"
"21272","2208","2739.36","230"
"22828","18","2730","11"
"84813","379","2722.47","69"
"21949","2371","2717.79","135"
"22757","2542","2716.23","223"
"22930","1132","2715.32","145"
"22277","1341","2713.22","189"
"22983","6604","2708.91","409"
"22572","3304","2708.56","264"
"22162","937","2706.55","133"
"22416","1945","2705.05","154"
"22897","1901","2705.01","248"
"22773","2216","2698.96","171"
"22696","1421","2696.21","245"
"21728","296","2696.1","36"
"22990","607","2695.29","140"
"22482","2286","2693.34","201"
"23190","1678","2691.14","179"
"21765","347","2685.45","119"
"21329","1644","2683.84","369"
"22436","4227","2683.35","255"
"21683","935","2681.45","132"
"23147","1845","2672.85","250"
"22974","1653","2672.49","163"
"22066","3429","2671.03","254"
"22754","3710","2668.96","379"
"21688","904","2666.8","108"
"85227","3215","2665.73","289"
"22473","749","2664.59","166"
"22755","3589","2663.7","395"
"22762","187","2663.65","107"
"21360","436","2661.2","92"
"90057","1800","2660.88","34"
"21818","4342","2658.96","261"
"21786","7148","2656.33","216"
"22671","1649","2650.61","190"
"23427","228","2648.4","106"
"21508","6556","2645.41","409"
"22576","3121","2640.37","243"
"22145","1294","2637.4","169"
"23211","2208","2634","116"
"22816","6416","2630.64","299"
"22503","112","2626.8","35"
"22293","1935","2625.75","154"
"79164","3660","2625.6","67"
"21709","644","2617.21","79"
"21693","885","2608.35","99"
"21439","2148","2607.48","162"
"21897","863","2605.97","100"
"22927","450","2605.5","140"
"23395","696","2604.48","175"
"22675","2149","2603.66","226"
"22803","70","2603.3","30"
"22046","6350","2603","207"
"23053","319","2598.15","129"
"22415","326","2591.7","204"
"22177","301","2589.59","102"
"20956","2160","2588.43","140"
"22372","534","2588.08","228"
"47480","1655","2585.83","99"
"22519","1334","2584.38","203"
"21788","3242","2583.68","174"
"23212","2179","2582.63","145"
"84944","932","2580.4","149"
"21214","1885","2579.65","125"
"23164","564","2579.21","80"
"22905","947","2577.04","143"
"21096","15781","2576.59","101"
"21742","433","2576.35","189"
"21589","1115","2573.25","86"
"22208","2111","2568.8","311"
"22914","557","2567.79","149"
"23100","2093","2565.85","213"
"20985","2154","2560.28","216"
"21111","1229","2553.55","128"
"22937","991","2552.69","136"
"22518","1320","2548.98","201"
"37340","13093","2547.81","95"
"23266","1975","2543.39","274"
"22152","6239","2539.31","219"
"23146","781","2535.89","211"
"21327","1535","2530.35","333"
"22132","3050","2526.98","238"
"23333","2030","2524.9","216"
"22792","3072","2524.1","171"
"84012","1783","2521.85","155"
"23489","876","2512.44","137"
"21486","851","2504.37","168"
"21923","327","2499.65","108"
"22028","6143","2499.49","365"
"22891","580","2493.76","155"
"22650","1751","2493.35","221"
"21224","2000","2492.4","207"
"22664","1312","2491.18","178"
"23292","2082","2487.62","164"
"84754","2077","2486.81","161"
"22439","3782","2485.9","307"
"21422","3099","2484.91","107"
"23196","1760","2484.8","233"
"21171","1824","2481.6","226"
"22479","1847","2472.45","154"
"21465","698","2467.61","157"
"21821","666","2465.1","107"
"21188","856","2463.6","94"
"22155","5865","2463.3","221"
"21324","954","2457.9","126"
"22818","5898","2455.56","288"
"21813","505","2449.35","87"
"23407","250","2446.62","118"
"22500","566","2437.1","177"
"23681","1548","2434.2","118"
"22081","1468","2433.32","212"
"22986","5841","2409.22","203"
"21653","1208","2407.8","100"
"85041","1823","2406.03","79"
"22315","1993","2404.61","296"
"22419","5768","2404.2","287"
"23264","1845","2400.45","249"
"22805","1955","2400.43","148"
"20668","21496","2399.8","309"
"22651","2973","2399.13","150"
"21191","1244","2395.1","115"
"21784","243","2394.65","135"
"21792","481","2388.35","132"
"22231","1981","2387.57","220"
"22540","6183","2387.46","151"
"82597","1179","2387.34","163"
"20752","1345","2374.5","270"
"22495","893","2363.63","189"
"22789","1237","2362.29","180"
"22217","2192","2356.02","172"
"21898","762","2355.78","88"
"21464","555","2354.75","214"
"22146","1347","2350.65","99"
"22310","1520","2350.44","110"
"22270","638","2340.66","129"
"22758","2323","2338.39","221"
"21204","1478","2337.9","144"
"22911","832","2337.24","143"
"21686","62","2336.9","29"
"22581","3062","2336.68","263"
"22811","897","2328.63","69"
"21352","756","2327.2","82"
"22153","5586","2325.96","191"
"23341","282","2325.6","98"
"22537","5745","2320.74","285"
"22613","2975","2313.53","226"
"22448","734","2312.76","104"
"37502","810","2312.7","148"
"21948","1999","2309.56","114"
"21924","304","2307.8","112"
"22933","888","2307.6","91"
"23570","1846","2307.5","231"
"22306","1666","2307.29","148"
"21696","782","2306.9","95"
"23396","616","2304.48","164"
"21462","408","2304.4","157"
"23437","1909","2302.25","111"
"22566","2807","2300.15","250"
"22094","3435","2299.64","232"
"22597","4214","2298.72","205"
"21747","1984","2290.28","128"
"21431","1417","2290.05","225"
"21616","1093","2286.25","155"
"22713","5793","2284.84","240"
"21642","4225","2277.09","184"
"21873","2011","2276.75","150"
"21789","2782","2269.48","177"
"23412","351","2269.14","71"
"85015","2717","2267.47","144"
"23048","564","2264.74","85"
"21973","1620","2262.6","161"
"22742","972","2260.68","161"
"22642","970","2258.75","130"
"22829","234","2255.8","104"
"22375","489","2251.95","194"
"23436","1929","2251.65","92"
"21819","3870","2248.88","231"
"23400","448","2247.36","95"
"21680","2730","2245.62","149"
"21823","2283","2244.93","166"
"21203","1447","2243.55","106"
"22129","2818","2242.04","106"
"22609","6830","2234.78","152"
"22735","1371","2233.83","159"
"21809","2892","2231.83","148"
"21437","655","2225.85","99"
"22824","63","2225.85","48"
"21615","1135","2223.25","134"
"23316","236","2222.2","95"
"21744","737","2219.59","154"
"21323","708","2218.25","54"
"23079","250","2216.5","104"
"22409","1670","2212.9","123"
"22852","528","2212.9","142"
"84840","265","2211.7","126"
"22281","426","2210.1","98"
"23054","268","2206.2","109"
"23498","1591","2205.95","86"
"21540","1300","2204","73"
"22376","461","2201.19","191"
"23330","1761","2193.69","195"
"22935","754","2191.5","52"
"85107","1197","2189.61","64"
"22711","5327","2189.34","178"
"22973","1352","2188.48","120"
"21681","230","2184.1","74"
"22539","5588","2182.49","169"
"21012","1488","2180.88","141"
"21651","1374","2180.7","107"
"79072","231","2178.45","63"
"23265","1680","2172.46","246"
"20960","1739","2169.95","141"
"22831","755","2169.65","118"
"21126","2214","2169.18","209"
"23252","590","2168.34","125"
"22091","3056","2167.18","242"
"22525","1757","2165.85","240"
"23438","1796","2161","98"
"22524","1748","2159.16","232"
"23360","1151","2158.05","107"
"23401","443","2155.51","70"
"23406","435","2154.79","94"
"22708","5350","2151","158"
"22021","1331","2149.35","208"
"21468","622","2147.92","118"
"23445","2667","2147.61","94"
"22325","441","2147.25","155"
"21125","2090","2144.02","199"
"21330","1361","2139.65","127"
"22453","753","2132.55","109"
"85045","462","2127.3","70"
"84818","1693","2125.95","153"
"23093","916","2125.16","123"
"21611","739","2122.45","134"
"22932","951","2119.95","64"
"22676","1692","2118.64","221"
"21866","1696","2114.65","294"
"22716","5128","2111.79","341"
"23128","436","2109.88","129"
"21638","1003","2106.3","118"
"23501","1772","2105.8","85"
"23233","5175","2105.5","158"
"22024","5239","2104.81","292"
"85054","849","2101.61","159"
"21804","563","2100.45","106"
"21187","1349","2098.65","108"
"21291","2479","2097.07","126"
"47570","207","2096.55","66"
"23020","176","2092","72"
"23046","347","2091.55","34"
"84469","653","2090.68","39"
"21826","1705","2090.21","188"
"21708","553","2083.75","89"
"23504","1668","2082.48","190"
"23029","1284","2080.2","138"
"21421","1782","2079.3","88"
"21710","697","2078.76","87"
"22471","565","2076.73","122"
"22342","1633","2070.45","115"
"22931","881","2068.06","110"
"21215","4136","2066.54","182"
"22223","560","2065.2","125"
"21808","816","2065","79"
"21288","860","2063.4","130"
"84670","5119","2056.38","168"
"22920","3411","2053.65","195"
"16237","10254","2051.34","340"
"22336","4495","2048.29","150"
"22400","2463","2047.54","224"
"21408","587","2042.49","139"
"84691","2623","2042.35","179"
"21274","161","2038.35","89"
"21617","798","2037.5","142"
"22363","736","2037.24","128"
"21398","2236","2035.05","97"
"21655","1308","2034.84","70"
"22714","5133","2032.05","253"
"84990","4229","2021.63","161"
"23031","1246","2017.5","138"
"84676","832","2016.52","98"
"23152","545","2013.51","149"
"21106","708","2011.8","120"
"22514","1034","2003.88","193"
"23326","3370","2000.22","55"
"23028","1247","2000.19","114"
"21905","1529","1996.75","195"
"22023","4944","1994.91","311"
"23302","1481","1993.91","187"
"21077","2748","1993.08","167"
"23490","539","1988.13","95"
"21504","4946","1988.04","284"
"23424","413","1986.75","103"
"23403","596","1984.06","110"
"23268","1435","1981.63","78"
"22286","1846","1981.62","144"
"21620","1017","1980.75","179"
"23197","1368","1971.04","183"
"23352","1596","1964.76","162"
"22913","435","1963.89","105"
"23066","245","1963.65","76"
"23251","1646","1956.7","102"
"22362","679","1955.93","177"
"20703","463","1955.25","165"
"23529","629","1952.31","30"
"23227","1592","1947.06","87"
"21824","2324","1946.1","159"
"21359","204","1945.8","67"
"22190","1168","1944.33","124"
"23374","2444","1944.08","122"
"10133","3351","1943.46","203"
"22832","183","1940.05","77"
"23068","805","1937.21","130"
"23500","1585","1935.05","84"
"22321","2297","1932.17","157"
"23075","470","1931.3","77"
"22903","705","1927.83","54"
"22251","1621","1926.69","184"
"22853","601","1926.25","128"
"21846","972","1923.22","87"
"23213","1595","1923.19","121"
"22515","997","1923.18","166"
"22405","1627","1921.55","192"
"23145","2054","1919.34","150"
"22859","1202","1918.5","132"
"21612","676","1912.6","97"
"21741","654","1910.1","132"
"84763","1585","1907.53","148"
"20984","5861","1906.17","225"
"22985","4740","1902.8","133"
"23235","729","1902.69","96"
"21482","669","1901.55","136"
"21348","819","1900.05","115"
"21627","134","1897.7","54"
"23161","1608","1896.6","68"
"23315","202","1894.7","76"
"21692","510","1893.78","104"
"16016","2331","1885.15","105"
"85176","2418","1884","174"
"21538","1302","1882.5","44"
"23291","1549","1881.39","144"
"82567","911","1880.81","290"
"22996","4552","1880.16","292"
"21476","128","1878.95","74"
"22695","1415","1875.67","184"
"23274","1142","1875.06","98"
"21761","67","1874.65","24"
"22799","243","1870.1","96"
"85106","1030","1869.4","44"
"23491","226","1864.5","76"
"21070","1927","1859.91","163"
"22521","2209","1857.37","324"
"23289","1553","1854.85","141"
"20686","571","1850.13","160"
"22133","2232","1848.84","171"
"21619","1059","1848.75","168"
"21058","2241","1845.57","207"
"21085","13713","1843.77","56"
"23357","435","1843.55","88"
"20770","906","1841.4","113"
"22520","2186","1840.94","327"
"23359","979","1840.65","76"
"23094","147","1837.5","74"
"21287","4104","1833.57","83"
"21389","2156","1829.48","194"
"22785","370","1825.54","95"
"22522","2192","1821.08","307"
"21983","6148","1819.76","263"
"21091","13668","1817.16","34"
"21613","624","1814.4","135"
"21557","626","1808.54","133"
"23367","2785","1807.85","231"
"22496","703","1805.29","174"
"21841","431","1802.25","123"
"22338","5565","1797.81","180"
"22343","2997","1796.31","132"
"21394","3961","1795.27","132"
"22677","1435","1793.76","189"
"22948","2052","1793.16","130"
"22523","2131","1791.07","313"
"23005","4396","1788.72","175"
"20684","562","1787.5","157"
"23371","1505","1783.97","133"
"22533","4606","1783.32","198"
"23525","568","1781.64","44"
"20931","611","1776.25","102"
"85172","4386","1775.88","137"
"21082","7066","1767.7","117"
"21241","2143","1759.15","215"
"21445","1478","1758.58","115"
"23148","2118","1756.5","234"
"85216","2808","1756.08","149"
"85217","2817","1755.81","136"
"22210","1491","1755.42","226"
"21947","1404","1749.42","169"
"21695","596","1748.6","75"
"20764","604","1748.13","144"
"22307","1213","1746.61","101"
"21760","15","1740","12"
"21424","782","1739.54","61"
"22098","2789","1735.72","231"
"22858","1089","1732.05","112"
"20772","929","1729.21","130"
"23228","1397","1726.3","78"
"21640","2044","1724.92","135"
"21200","1287","1724.35","75"
"23090","2130","1723.62","122"
"21088","16503","1723.33","104"
"22074","1750","1722.44","152"
"21647","820","1722","109"
"20871","1205","1719.6","76"
"22587","2067","1719.51","245"
"22438","1366","1718.94","129"
"22614","5577","1717.25","298"
"22535","4297","1715.46","257"
"21677","2016","1714.38","197"
"21280","3316","1714.2","53"
"35953","3361","1712.41","106"
"22706","4265","1711.3","123"
"22246","893","1711.23","105"
"20716","1396","1710.8","169"
"22546","4312","1708.69","135"
"22559","1411","1702.61","136"
"22513","563","1702.21","143"
"20658","1365","1701.69","223"
"22753","2217","1696.94","331"
"23073","142","1694","59"
"23244","925","1692.91","105"
"23358","528","1689.9","67"
"22586","2009","1688.93","235"
"21547","692","1686.05","90"
"23155","2106","1679.34","111"
"35971","1872","1678.45","122"
"90167","2108","1676.36","75"
"22166","309","1670.31","41"
"85221","3551","1667.59","43"
"23160","1404","1666.8","60"
"22319","3005","1666.21","163"
"84581","445","1665.19","177"
"23057","677","1660.99","41"
"85059","537","1659.06","142"
"20785","44","1657.8","17"
"21397","2024","1650.54","116"
"23370","1359","1650.11","106"
"22279","1081","1646.86","121"
"22565","1938","1645.74","220"
"21161","2307","1643.07","161"
"21357","1320","1642.92","164"
"21158","2531","1640.91","260"
"21652","874","1639.5","72"
"85060","1391","1638.43","74"
"22211","1288","1636.83","202"
"23214","777","1635.23","92"
"21687","450","1634.58","78"
"23434","1792","1632.4","134"
"21657","240","1632","92"
"21643","1323","1630.95","103"
"23096","1007","1629.83","117"
"21593","1391","1629.31","93"
"20846","1322","1629.22","127"
"23270","1166","1625.9","118"
"22922","2004","1623.3","99"
"21865","775","1622.58","207"
"82615","604","1621","76"
"22035","3954","1618.3","244"
"22184","269","1617.7","71"
"22705","3850","1617","147"
"22678","1290","1614.93","172"
"22673","1308","1612.34","168"
"21163","2760","1611.86","212"
"22026","3916","1608","261"
"22161","5417","1607.99","219"
"22928","263","1606.97","91"
"21659","111","1606.65","56"
"10125","2016","1601.8","120"
"22163","971","1598.69","104"
"22254","1307","1597.27","112"
"21645","967","1595.55","114"
"21294","2230","1590.38","116"
"35160","2176","1587.24","53"
"21694","564","1587","61"
"22410","1331","1586.48","170"
"22201","412","1586","106"
"22680","1267","1584.97","163"
"21529","472","1583.4","115"
"20990","857","1581.15","87"
"21283","516","1578","68"
"79160","835","1576.38","137"
"23101","1948","1574.6","190"
"20996","6137","1573.65","270"
"21099","13382","1570.3","29"
"21281","3650","1567.5","37"
"23217","1290","1567","84"
"21793","344","1564.44","93"
"20767","757","1564.37","148"
"40001","2157","1563.81","73"
"85173","954","1563.27","102"
"21548","650","1562.15","77"
"21391","1311","1561.05","132"
"22421","3805","1560.08","239"
"23317","162","1557.9","70"
"85103","250","1557.1","54"
"23122","2093","1554.31","94"
"22209","1281","1550.42","193"
"23280","1995","1546.91","133"
"23399","1823","1546.43","176"
"21895","530","1544.5","70"
"21276","676","1544.2","28"
"23483","1322","1541.62","66"
"21628","109","1539.35","40"
"22025","3853","1538.34","203"
"21637","1274","1537.78","45"
"85222","1395","1537.5","41"
"22975","1222","1535.97","147"
"22802","90","1534.5","46"
"23273","928","1533.84","97"
"21618","599","1532.75","98"
"16033","15001","1530.12","49"
"21545","679","1530","64"
"75131","1212","1529.64","62"
"22934","560","1527.2","69"
"21043","603","1523.85","89"
"23372","1296","1522.72","99"
"22516","799","1517.88","126"
"21610","536","1514","87"
"21275","244","1511.8","48"
"21581","1039","1511.15","128"
"21927","1219","1508.55","171"
"22770","102","1507.3","63"
"22183","292","1505.55","63"
"21092","12806","1504.94","18"
"21000","618","1501.5","40"
"21448","909","1499.85","178"
"22262","1752","1492.32","185"
"22157","1748","1485.8","112"
"21205","608","1485.6","109"
"23181","185","1484.25","69"
"22976","1183","1483.59","118"
"22686","1248","1483.45","116"
"84006","1745","1483.25","142"
"23462","77","1482.15","44"
"23394","395","1481.25","119"
"23226","1199","1478.59","71"
"21162","2329","1478.57","239"
"21146","787","1477.05","52"
"21785","1982","1473.7","78"
"21550","291","1473.45","56"
"22517","779","1472.88","125"
"85016","1456","1472.7","70"
"21384","1739","1471.91","113"
"84789","434","1471.5","112"
"72008","3700","1470.84","193"
"21541","1782","1469.9","147"
"21925","1194","1469.7","154"
"21284","1494","1469.42","95"
"22912","319","1465.29","98"
"21262","467","1461.65","81"
"22929","23","1459.75","17"
"22052","3521","1458.82","124"
"23391","361","1458.15","69"
"20893","654","1457.55","63"
"21251","547","1456.45","102"
"90062","115","1456","38"
"22679","1162","1454.32","156"
"21446","1170","1453.38","182"
"85177","1778","1453.16","112"
"23287","1782","1452.3","146"
"21972","1001","1451.45","133"
"84472","33","1450.4","25"
"21542","1753","1447.65","145"
"21382","1141","1447.55","114"
"84619","69","1444.15","26"
"22204","414","1443.16","97"
"21332","262","1442.9","42"
"23524","465","1441.98","51"
"21399","2354","1441.92","95"
"21066","2265","1438.71","110"
"21869","1248","1434.6","103"
"44230","207","1434.18","44"
"21356","1166","1433.45","177"
"85198","3836","1431.44","38"
"21292","2465","1430.93","82"
"21894","1168","1430.13","151"
"23267","1158","1427.34","91"
"21634","1718","1425.1","49"
"21282","350","1424.5","59"
"48195","255","1424.09","73"
"37343","980","1422","73"
"21711","361","1421.35","54"
"22261","1761","1419.37","150"
"22288","1267","1418.75","86"
"22608","5437","1413.13","98"
"21631","206","1412.1","42"
"22719","1253","1411.21","109"
"22137","584","1410.8","31"
"21286","962","1407.82","67"
"84919","260","1407","21"
"21392","7529","1404.51","37"
"72816","1295","1400.15","75"
"23527","416","1398.72","43"
"22390","803","1398.62","73"
"23368","2155","1398.35","178"
"22103","1616","1398.24","50"
"84843","250","1393.9","86"
"21662","240","1392","78"
"22316","1240","1390.4","95"
"84665","230","1388.5","47"
"22323","572","1387.8","73"
"22599","2577","1387.49","131"
"84819","913","1385.29","94"
"22093","2344","1385.16","247"
"21278","2707","1382.85","70"
"23528","462","1381.38","34"
"23546","3275","1375.5","120"
"21675","1613","1372.61","160"
"21579","973","1371.65","91"
"23086","1194","1371.54","36"
"23348","680","1371.48","122"
"22682","1096","1370.61","138"
"20766","481","1368.48","123"
"20768","706","1368.01","117"
"22050","3325","1364.5","115"
"22396","1850","1364.5","159"
"85116","1365","1362.86","52"
"21532","1374","1362.6","76"
"21289","1291","1360.15","60"
"22099","2046","1359.48","214"
"23250","1103","1358.59","89"
"22068","955","1356.87","179"
"21576","611","1356.17","144"
"23104","116","1355.5","44"
"21395","2944","1354.08","100"
"21190","868","1351.2","84"
"22545","3382","1349.85","132"
"23414","139","1348.01","62"
"22681","1075","1345.57","132"
"23334","2154","1345.5","95"
"21279","3471","1343.85","56"
"21426","963","1340.7","51"
"21991","876","1339.88","137"
"22051","3225","1338.5","116"
"22324","555","1338.21","67"
"21807","3204","1337.04","132"
"85141","189","1336.95","69"
"21910","1035","1333.35","101"
"22317","453","1332.87","96"
"23034","947","1332.35","78"
"84854","286","1331.7","57"
"22287","1291","1329.21","89"
"21159","2073","1324.23","214"
"23470","220","1323.4","75"
"22984","3266","1320.7","184"
"37441","680","1320","39"
"23040","246","1318.5","36"
"23271","1622","1316.82","75"
"21051","667","1316.63","93"
"21059","1575","1315.35","198"
"22683","1047","1310.57","137"
"22982","1045","1308.3","146"
"22337","2189","1307.65","82"
"21198","1191","1306.11","82"
"20993","10945","1305.49","24"
"21157","621","1299.18","109"
"21684","1704","1298.81","88"
"84616","69","1297.75","22"
"21822","989","1297.09","97"
"21358","1043","1296.55","158"
"23249","802","1294.5","68"
"22393","802","1294.33","89"
"23055","561","1292.97","36"
"21828","1067","1292.71","146"
"21011","1803","1291.83","101"
"21837","217","1291.15","70"
"35241","273","1291.15","94"
"22685","1029","1285.65","127"
"21661","220","1285","78"
"22923","1581","1281.45","84"
"21644","1025","1281.25","116"
"85006","3047","1280.45","35"
"23538","327","1278.87","27"
"23119","2156","1276.33","116"
"23000","3044","1275.6","205"
"20760","5489","1274.45","59"
"22308","515","1273.39","98"
"23378","3419","1272.93","144"
"21199","1170","1271.46","93"
"20738","1585","1270.55","65"
"72818","2410","1264.96","106"
"22977","1010","1263.71","116"
"22543","3249","1263.67","87"
"21867","1009","1260.46","200"
"22123","562","1258.54","91"
"21842","541","1257.15","38"
"22267","1458","1256.68","105"
"85200","1009","1256.45","94"
"23469","320","1255.76","63"
"22339","3333","1251.79","102"
"22917","1941","1249.65","198"
"37342","1471","1248.49","71"
"23505","1065","1247.25","104"
"84748","984","1246.8","31"
"20933","493","1245.15","42"
"22756","1138","1244.96","172"
"20761","423","1244.87","116"
"22786","220","1243.04","75"
"85125","271","1242.75","43"
"23373","1563","1241.66","88"
"23221","1461","1241.59","110"
"22182","361","1238.95","65"
"84466","1213","1235.45","49"
"22181","1512","1235.28","104"
"21689","339","1233.81","55"
"21285","974","1232.42","73"
"23071","317","1230.1","17"
"20825","360","1229.04","6"
"21926","994","1227.3","136"
"22915","3228","1223.16","141"
"21549","539","1222.85","44"
"22916","1899","1222.35","193"
"21383","1895","1219.75","190"
"72232","6402","1216.38","118"
"22097","2056","1214.22","211"
"72817","1252","1211.84","122"
"23366","1923","1211.55","141"
"84823","120","1210","29"
"23138","875","1209.15","75"
"22999","2875","1206.06","185"
"22290","675","1206","68"
"21248","1015","1202.95","132"
"20704","345","1200.95","64"
"23444","79","1200","79"
"23061","964","1199.96","88"
"22252","975","1199.31","112"
"20986","1014","1198.76","130"
"84816","31","1198.45","18"
"22761","50","1196.5","31"
"40003","1130","1196.5","48"
"21738","412","1196.2","103"
"21438","365","1195.95","33"
"22269","1401","1195.89","149"
"35649","1776","1195.82","21"
"84830","113","1195.15","7"
"20762","422","1194.21","111"
"21317","331","1192.15","64"
"22389","636","1190.76","80"
"22924","1452","1187.4","81"
"20731","4101","1180.25","46"
"21774","1277","1179.01","108"
"23598","421","1177.95","42"
"22918","1860","1177","194"
"22048","2840","1176.8","102"
"23392","592","1175.68","78"
"22106","427","1171.85","36"
"85055","327","1171.85","79"
"15034","9928","1171.52","172"
"20840","813","1170.83","60"
"22481","1143","1169.77","166"
"21530","921","1169.67","130"
"22684","936","1169.4","115"
"21063","1399","1167.31","198"
"21904","742","1166.7","130"
"17021","4430","1161.24","75"
"84658","212","1158.08","56"
"21393","5245","1158.03","38"
"21763","43","1157.9","17"
"20802","907","1157.79","76"
"70007","1115","1157.79","104"
"20729","4626","1154.9","67"
"23523","357","1151.43","38"
"23067","277","1149.55","71"
"22232","1019","1147.03","114"
"22040","2815","1144.3","94"
"20765","415","1142.29","120"
"21656","827","1141.55","83"
"21803","2717","1141.14","101"
"20733","1564","1139","101"
"23405","237","1137.95","57"
"23142","116","1137.65","36"
"21773","1278","1136.46","106"
"23559","566","1135.52","75"
"22265","1789","1134.85","134"
"22228","1479","1131.11","175"
"23539","237","1129.71","35"
"21817","1756","1129.66","121"
"23507","2841","1129.02","101"
"85118","2105","1127.89","62"
"22615","3790","1126.72","136"
"85110","11512","1124.68","19"
"79163","1823","1121.97","56"
"21009","897","1121.25","79"
"21649","413","1120.75","23"
"22808","401","1119.55","61"
"21849","480","1119.34","59"
"21130","707","1119.15","39"
"23431","1432","1117.28","67"
"35962","532","1117.2","60"
"22919","1737","1117.05","197"
"23506","2718","1116.36","127"
"21739","381","1114.74","100"
"84674","451","1114.45","92"
"22532","2892","1105.2","156"
"21312","294","1104.5","20"
"22921","1716","1103.4","173"
"22253","942","1102.64","69"
"22815","2662","1100.76","165"
"22422","2099","1100.45","149"
"23072","326","1099","22"
"21779","301","1097.8","22"
"22249","1309","1096.01","142"
"23225","1297","1090.43","69"
"22709","2775","1089.5","76"
"21219","868","1087.94","102"
"22715","2658","1086.12","168"
"22806","422","1085.3","44"
"21806","2600","1083.36","104"
"21802","2579","1083.18","99"
"22233","885","1082.89","127"
"16225","1423","1082.39","112"
"22268","2353","1082.35","151"
"17096","6159","1082.07","35"
"21396","909","1081.53","58"
"20734","1379","1079.85","68"
"23041","260","1079","48"
"20771","573","1077.46","112"
"23269","755","1075.55","76"
"23515","558","1075.38","59"
"21839","201","1074.45","81"
"23513","556","1072.96","62"
"84678","598","1072.5","64"
"84396","516","1071.6","28"
"84360","211","1070.85","35"
"22214","462","1069.3","52"
"23418","534","1068.96","60"
"23375","1327","1068.14","88"
"21413","3138","1067.1","34"
"22817","2602","1066.92","169"
"85144","291","1065.25","70"
"22403","1620","1063.72","161"
"22819","2592","1062.72","168"
"22062","719","1061.49","93"
"22997","2527","1059.9","181"
"85224","1991","1059.54","47"
"21883","2102","1056.96","165"
"21277","49","1056.6","40"
"22718","2544","1055.52","170"
"23369","901","1053.29","95"
"22340","1370","1052.28","95"
"21490","600","1051.5","37"
"84609","129","1051.5","27"
"21633","128","1051.2","34"
"72819","674","1050.8","64"
"23511","526","1050.58","85"
"84847","2317","1050.51","37"
"16235","5176","1050.06","160"
"21090","2297","1049.47","159"
"16046","9954","1047.78","45"
"23432","1274","1046.86","70"
"21410","261","1045.25","101"
"22101","1102","1044.12","49"
"20755","5099","1043.75","86"
"22102","1747","1039.35","41"
"22256","855","1036.83","83"
"22049","3575","1035.75","112"
"21065","520","1035.4","57"
"84815","909","1035.25","36"
"21825","726","1033.5","67"
"21880","2017","1032.29","146"
"23402","281","1031.67","55"
"21195","628","1031.28","55"
"21690","275","1030.45","75"
"23516","292","1028.76","40"
"20777","3532","1027.8","94"
"84688","388","1025","47"
"23545","2475","1023.5","83"
"22446","337","1022.59","84"
"85212","2803","1022.07","96"
"18007","11361","1021.86","51"
"23026","504","1019.05","53"
"21209","1355","1018.17","84"
"21827","818","1017.94","119"
"16047","10589","1017.29","23"
"22857","1240","1016.56","62"
"23411","217","1016.55","46"
"23544","164","1015.78","20"
"21666","1684","1015.4","68"
"21010","812","1015","66"
"23508","2476","1014.72","106"
"22511","397","1014.35","101"
"21040","856","1014","46"
"23327","1710","1012.02","34"
"21316","670","1011.14","34"
"23460","108","1007.08","43"
"23102","1245","1006.95","139"
"20832","1604","1006.86","103"
"22258","1116","1004.52","71"
"23433","1215","1003.17","82"
"23376","2642","1000.14","113"
"23347","827","999.75","70"
"23087","830","997.18","49"
"21145","839","994.03","39"
"23365","1531","992.75","128"
"23452","510","990.9","81"
"22856","878","988.06","27"
"21752","69","987.55","30"
"85008","263","981.6","89"
"22260","1197","981.57","108"
"21202","817","980.85","56"
"20866","967","977.29","87"
"37424","5155","977.11","47"
"23281","1270","976.22","91"
"72815","260","975","59"
"35648","881","974.07","68"
"20705","269","972.55","49"
"22860","589","971.85","88"
"20784","26","970.7","8"
"22953","795","970.02","99"
"21636","1021","969.15","88"
"22529","2424","969.12","138"
"21759","27","968.08","11"
"84687","293","967.35","52"
"85126","149","967.35","32"
"21815","667","964.75","64"
"22717","2358","964.44","152"
"85197","1671","963.66","73"
"22266","2480","960.9","123"
"23121","2465","960.42","87"
"78124","725","960.25","26"
"72484","1805","958.21","54"
"23518","358","957.82","41"
"22701","553","957.73","86"
"21250","396","956.4","53"
"22116","745","954.19","127"
"21814","659","953.15","71"
"22280","586","952.63","87"
"23033","685","952.45","59"
"21061","1340","950.72","124"
"84664","192","950.4","50"
"23088","760","947.18","57"
"35958","1114","946.9","69"
"72814","262","944.1","49"
"20780","191","940.85","58"
"22105","613","937.25","26"
"23533","210","936.34","31"
"22995","2236","936.24","183"
"20932","306","935.8","56"
"21630","107","935.65","47"
"20758","5394","934.5","74"
"23331","1492","932.28","81"
"84929","2952","928.32","90"
"21425","450","928.14","58"
"84826","1802","926.88","50"
"21562","664","926.71","63"
"23153","248","923.63","78"
"23512","485","923.54","49"
"72586","2198","923.16","108"
"22069","642","922.68","89"
"20622","527","922.58","82"
"23566","786","922.02","46"
"84817","1051","920.64","77"
"23107","340","919.8","61"
"20773","3321","919.65","95"
"84358","114","919.58","22"
"21702","2636","918.68","8"
"21269","108","918","58"
"21691","245","917.31","66"
"20707","1281","916.62","63"
"20671","742","913.82","106"
"85104","335","912.53","51"
"85189","1121","912.29","58"
"22322","1072","911.2","92"
"21131","253","910.25","28"
"84974","92","909.4","57"
"23514","458","909.14","62"
"20798","463","907.5","41"
"22643","415","906.73","76"
"22512","379","903.23","63"
"22707","2150","903","81"
"21725","1062","902.7","109"
"23510","2298","902.16","95"
"37475","95","901.45","51"
"20778","3600","900","80"
"21726","1073","899.05","127"
"85111","2896","898.4","63"
"23419","438","897.12","61"
"22096","1657","894.01","163"
"84666","226","892.7","33"
"23540","146","890.54","10"
"20934","169","888.05","47"
"22598","1571","887.13","93"
"35957","3499","884.46","62"
"22264","1824","883.56","88"
"22994","2107","883.5","160"
"21721","1043","883.43","89"
"21945","1542","880.04","73"
"20757","5329","880.03","55"
"22814","2174","878.52","135"
"22647","1050","878.1","68"
"22821","1348","876.56","103"
"21805","2124","874.8","82"
"22255","1029","874.65","87"
"21060","1220","874.4","123"
"37330","504","872.64","22"
"84791","299","872.45","75"
"23002","2078","871.32","140"
"35923","1454","867.96","66"
"20759","5739","867.75","44"
"20878","716","867.64","67"
"17033","3279","867.55","68"
"84637","487","867.25","33"
"21720","1037","866.89","87"
"21189","543","866.75","61"
"20617","452","863.88","74"
"21801","2056","863.52","80"
"21650","2847","863.39","101"
"21664","237","862.83","54"
"23517","312","860.88","51"
"23099","132","858.9","54"
"20774","3428","856.2","76"
"21635","400","855","39"
"21062","1034","854.78","120"
"23532","205","853.47","26"
"21836","227","851.25","80"
"21007","1905","851.23","39"
"20801","904","850.96","69"
"20991","7058","850.9","16"
"21303","92","848.8","26"
"21338","196","848.35","11"
"23178","312","845.5","55"
"21127","285","844.55","36"
"22250","1023","840.43","109"
"22893","2054","839.64","93"
"23502","690","838.98","87"
"21299","161","838.35","29"
"22143","422","838.2","53"
"20867","881","837.97","75"
"23179","304","837.88","40"
"21780","125","835.55","17"
"21261","245","834.75","43"
"21014","1773","832.01","107"
"20786","22","830.9","9"
"22164","309","829.95","42"
"84820","319","829.73","49"
"72598","1059","829.59","89"
"23479","110","827.5","40"
"21629","105","824.75","49"
"20756","5685","821.85","44"
"23338","405","820.32","91"
"84907","365","820.05","14"
"23186","1982","819.46","70"
"16011","3906","819.06","112"
"47589","150","817.5","70"
"21580","370","814.5","89"
"17039","3641","813.09","30"
"85145","92","813","30"
"21944","1539","811.95","75"
"20833","52","811.8","5"
"23380","2159","811.77","94"
"21724","955","811.75","126"
"21552","163","811.6","32"
"20669","648","807.72","132"
"21676","1120","802.66","98"
"22510","317","800.11","82"
"21555","322","799.5","51"
"84632","14","799.3","10"
"22247","977","797.17","102"
"22936","267","796.13","33"
"23022","416","795.68","21"
"84685","361","793.75","54"
"21331","104","793.74","24"
"23472","55","792.85","30"
"20913","295","787.05","30"
"21264","354","786.3","57"
"21632","103","785.25","32"
"22134","1988","785.16","126"
"85196","1536","783.96","66"
"84767","193","783.7","4"
"23004","1862","783.68","123"
"21318","938","783.6","77"
"21414","1614","779.4","20"
"22547","1922","776.79","109"
"22216","1069","775.57","57"
"23220","930","775.26","77"
"22825","99","775.05","34"
"21551","165","772.95","19"
"23409","208","771.72","41"
"35646","537","770.88","51"
"23324","381","770.4","39"
"37327","1542","770.12","52"
"22820","1184","769.78","76"
"23106","283","769.27","50"
"21851","389","766.37","46"
"16259","5473","766.09","55"
"21444","273","763.75","20"
"23413","160","763.2","43"
"23458","51","762.45","30"
"22058","511","761.39","92"
"23550","1850","761","63"
"71279","261","760.35","52"
"20775","3515","759.75","53"
"22420","1819","759.29","149"
"22408","640","758.85","76"
"23423","202","757.5","51"
"21298","52","755.8","14"
"23519","219","755.01","19"
"21335","36","754.2","22"
"23487","78","754","42"
"85127","152","752.4","37"
"23017","64","751.4","21"
"84922","335","748.75","10"
"90147","75","746.25","38"
"20989","397","744.15","48"
"22289","727","743.75","49"
"21185","120","741.36","36"
"21641","1541","741.13","48"
"21503","1801","740.42","64"
"21300","52","737.4","11"
"21554","164","735.8","19"
"84821","1318","732.7","67"
"21456","718","732.5","51"
"21458","718","732.5","57"
"22230","1368","732.16","123"
"21129","108","730.15","42"
"85187","453","728.25","88"
"20936","317","727.93","55"
"21719","858","727.74","92"
"21376","176","727.6","38"
"21320","358","726.66","36"
"20892","88","725.2","23"
"23335","359","724.64","81"
"22486","87","724.39","25"
"84631","254","723.3","24"
"85214","438","722.7","135"
"35965","378","722.22","82"
"85208","362","720.84","59"
"20941","928","719.62","69"
"20769","407","718.67","61"
"72131","761","717.63","55"
"84600","94","717.3","39"
"37423","6091","716.23","25"
"21374","458","715","61"
"21133","423","714.87","41"
"84638","356","714.2","31"
"20850","820","713.8","23"
"21427","450","713.4","73"
"23006","1699","712.14","130"
"16015","1573","711.88","65"
"21723","837","711.45","93"
"21208","981","709.89","75"
"21654","1147","709.59","62"
"21344","164","707.8","24"
"21417","426","707.08","58"
"23123","900","706.08","68"
"21850","327","705.45","43"
"10134","614","704.8","48"
"23564","587","703.51","42"
"23325","444","701.4","30"
"20652","1222","700.76","89"
"20776","3188","700.2","53"
"37461","711","699.15","66"
"23115","147","698.85","38"
"21674","44","697.8","9"
"23187","2338","695.06","74"
"35954","2174","694.35","66"
"22104","1026","694.26","41"
"85093","1045","693.99","59"
"20803","1103","693.15","61"
"20894","241","691.75","60"
"21942","1322","691.2","64"
"23183","178","690.71","58"
"23222","776","690.64","64"
"21443","252","685","20"
"21220","537","684.56","82"
"84715","232","684.4","39"
"23562","245","684.05","37"
"23114","144","684","41"
"21480","246","682.5","38"
"21222","536","679.68","84"
"23454","166","679.3","46"
"22036","1642","678.84","110"
"84842","1496","678.8","26"
"21255","422","677.1","55"
"21478","182","673.86","76"
"85213","1282","673.06","49"
"84620","113","672.35","46"
"23223","747","671.77","67"
"84689","305","671.65","34"
"35951","1339","671.51","40"
"21265","315","670.25","28"
"23025","317","669.61","46"
"20661","789","668.07","42"
"84615","235","667.83","18"
"23597","248","667.6","28"
"22638","367","665.62","59"
"21457","664","665","48"
"23568","580","664.52","28"
"20783","131","663.75","34"
"23024","254","662.06","10"
"23547","1575","661.5","62"
"21764","17","659.15","11"
"23140","160","658.54","35"
"23042","99","658.35","25"
"23120","1648","657.6","79"
"84976","652","656.9","42"
"84686","344","654.54","37"
"21308","129","653.85","3"
"20862","316","652.53","28"
"35647","525","652.5","43"
"23522","341","652.17","21"
"22034","1572","651.6","83"
"23482","415","651.15","36"
"21350","226","650.7","41"
"22248","775","650.43","85"
"21084","2486","650.4","136"
"22033","1564","649.68","107"
"20998","221","649.15","58"
"23521","388","648.62","22"
"21758","101","647.45","45"
"23408","310","644.8","59"
"22229","860","644.52","114"
"84766","201","643.95","27"
"21319","474","640.26","48"
"22640","302","640.02","69"
"21415","332","638.89","56"
"22344","1359","636.81","84"
"23456","158","634.1","36"
"20897","304","631.6","37"
"84869","295","631.25","21"
"23551","1617","630.63","95"
"84033","382","630.3","44"
"23019","81","629.05","28"
"23453","323","627.45","46"
"22056","600","625.8","25"
"85218","1992","625.2","2"
"21197","425","623.01","31"
"21253","233","622.19","51"
"20782","113","622.13","51"
"21386","1145","621.65","82"
"84761","248","621.6","46"
"23224","719","620.45","59"
"20898","307","620.05","37"
"16012","2949","618.09","82"
"21366","156","615","26"
"23216","518","613.51","40"
"22042","1709","612.9","96"
"35651","337","612.75","37"
"23282","753","612.72","102"
"22641","269","611.87","53"
"20763","246","610.61","59"
"23492","74","610.5","26"
"23070","147","610.05","33"
"22345","1314","609.18","82"
"23435","679","608.65","44"
"20831","400","607.44","51"
"23471","65","605.95","26"
"85044","131","605.75","26"
"20854","377","604.25","83"
"22981","436","603.4","72"
"21750","293","603.3","51"
"21378","523","603.15","57"
"21221","473","602.14","61"
"21775","512","600.16","79"
"84578","161","599.43","78"
"21247","401","597.49","61"
"23027","287","596.96","27"
"23124","503","595.15","24"
"20615","462","593.44","78"
"22043","2136","593.16","92"
"21816","409","593.05","41"
"21440","474","592.5","88"
"72772","454","592.5","8"
"20735","829","592.25","63"
"20839","513","591.79","60"
"21263","290","589.5","44"
"23520","166","589.38","30"
"23018","50","587.2","20"
"22100","954","587.06","81"
"20714","1513","586.25","12"
"85078","2068","585.8","84"
"21076","760","585.52","73"
"22092","934","585.08","133"
"84684","574","583.1","21"
"21134","353","582.45","42"
"84934","684","581.4","12"
"22538","1410","581.16","62"
"21307","730","580.7","54"
"21416","748","580.2","17"
"21365","450","579.3","60"
"22447","181","579.05","48"
"21147","340","578.04","46"
"47421","1471","576.06","72"
"37351","5395","571.71","7"
"37474","59","569.53","39"
"21223","486","569.5","35"
"20619","374","568.43","68"
"20863","286","567.39","42"
"23455","206","566.54","34"
"85113","279","566.22","43"
"20849","670","566.1","20"
"21442","887","565.07","80"
"85146","115","564.25","27"
"85119","412","564.12","38"
"85088","273","563.77","44"
"84920","152","563.6","54"
"21322","299","562.45","13"
"22044","1969","562.02","85"
"84773","190","560.5","46"
"37333","123","560.25","34"
"23428","70","559.5","26"
"85084","607","556.27","62"
"23069","89","556.25","31"
"22391","309","555.51","50"
"84051","712","554.8","52"
"35653","188","554.6","56"
"20856","335","552.75","88"
"22703","312","552.12","74"
"21441","867","550.41","83"
"23381","1487","549.69","64"
"20819","209","547.46","50"
"85030","213","547.35","29"
"23549","1300","546","51"
"21339","30","544.5","12"
"16049","3144","542.88","25"
"20935","295","541.45","39"
"21016","806","540.62","65"
"21304","84","540.6","16"
"21293","256","539.63","42"
"22108","197","537.89","49"
"20657","1694","536.64","71"
"85096","143","536.25","50"
"37345","318","536.1","6"
"21419","1252","535.8","13"
"20823","256","534.96","17"
"85092","374","534.7","14"
"84916","233","532.35","30"
"23473","666","531.66","43"
"84827","1091","531.39","28"
"21173","323","530.55","60"
"21879","1376","528.88","93"
"84682","283","528.85","38"
"21373","629","528.15","57"
"21454","621","527.85","85"
"84584","207","527.85","50"
"20699","210","524.7","45"
"20730","1659","524.25","41"
"23499","1247","523.74","93"
"22054","323","523.35","51"
"21893","164","523","13"
"21270","41","522.75","27"
"23272","352","522.74","35"
"22346","1145","521.33","61"
"23451","269","520.95","44"
"84799","668","516.28","29"
"47469","1099","515.63","27"
"20830","302","514.2","46"
"20910","84","514.2","28"
"84824","33","513.55","27"
"23016","69","512.85","19"
"21015","1433","511.97","90"
"21117","334","509.58","26"
"23060","244","507.52","39"
"72122","533","506.35","93"
"21377","451","506.31","43"
"21194","504","504.94","60"
"23219","404","504.6","49"
"37352","4643","504.55","8"
"22394","339","504.45","47"
"23139","407","503.83","22"
"16236","2425","503.65","143"
"23457","105","503.55","29"
"21026","403","502.37","55"
"84657","246","502.2","19"
"79337","1197","501.85","19"
"85117","321","500.05","40"
"20888","359","499.81","11"
"23398","591","499.23","57"
"16048","3414","498.78","69"
"72728","614","498.5","50"
"85161","27","497.65","20"
"85215","774","497.34","46"
"22407","428","497.33","65"
"21311","714","496.25","75"
"72267","255","496.14","40"
"21740","167","492.65","48"
"85020","234","491.4","44"
"22263","728","489.44","43"
"35964","1008","488.7","56"
"22135","1197","487.5","103"
"85091","337","487.35","14"
"84592","165","486.75","38"
"21160","764","486.68","49"
"35972","389","486.25","51"
"72132","561","485.55","27"
"20865","247","485.49","30"
"23484","174","483.66","25"
"84218","256","483.6","89"
"23660","293","483.45","31"
"20864","247","483.33","26"
"16238","2291","481.81","135"
"22861","292","481.8","38"
"84683","535","481.55","27"
"23691","1175","481.5","38"
"23045","116","481.4","23"
"84865","69","481.05","37"
"22038","1150","481","45"
"20794","190","480.9","30"
"23021","118","480.1","25"
"21128","98","478.61","28"
"84917","183","477.85","17"
"21665","766","475.1","40"
"22541","1193","471.98","40"
"23180","104","471.9","36"
"21379","554","471.52","52"
"23377","1203","469.17","80"
"23043","75","468.75","19"
"16239","338","468.4","13"
"84675","187","467.65","44"
"21002","110","467.5","26"
"72127","388","467.14","59"
"23136","127","467.05","44"
"21459","250","465.9","37"
"23218","372","465.81","33"
"90203","62","465","24"
"20845","73","463.55","21"
"85109","4203","462.15","18"
"82605","220","462","87"
"20696","123","461.25","34"
"21881","1196","459.2","65"
"21884","1234","458.66","68"
"23561","167","458.63","13"
"21536","217","455.7","55"
"85203","1091","455.34","111"
"72789","121","453.75","44"
"84653","10","453.5","8"
"23074","225","452.34","35"
"84948","274","452.1","33"
"23548","1075","451.5","43"
"20804","291","451.35","24"
"23560","164","449.96","20"
"21847","252","448.2","22"
"23537","98","446.7","21"
"21004","105","446.25","48"
"21256","282","446.1","35"
"23125","405","443.25","16"
"20689","401","441.95","27"
"21403","2151","440.58","108"
"20868","789","437.66","46"
"20787","11","435.45","8"
"23425","237","435.43","35"
"21167","2108","435.18","50"
"23565","348","435","31"
"23509","1043","434.46","54"
"47422","1116","432.72","61"
"23023","272","431.24","23"
"90154","58","430.7","6"
"85142","54","429.3","27"
"20653","1927","428.89","31"
"23379","1175","428.01","50"
"16045","9300","428","72"
"23044","103","427.45","24"
"21455","502","426.7","63"
"22124","180","425.92","39"
"84918","113","425.35","17"
"20857","257","424.05","72"
"20715","400","424","1"
"16008","3143","423.46","85"
"21518","1028","421.68","70"
"23058","486","421.02","44"
"23117","85","420.75","39"
"37476","44","420.28","27"
"20621","200","420","29"
"20700","288","420","12"
"84770","135","419.25","16"
"20943","335","418.75","48"
"23336","200","418.05","63"
"20851","334","417.7","27"
"72780","513","417.33","43"
"20654","341","417.13","84"
"90143","56","415","18"
"22031","975","414.21","80"
"23459","33","412.5","19"
"20694","113","412.23","25"
"71270","328","411.21","54"
"72128","702","411.06","78"
"21001","69","410.55","31"
"23422","196","407.68","31"
"35240","48","407.52","38"
"21882","932","405.88","70"
"23415","326","405.6","45"
"21336","1789","404.59","24"
"20618","195","404.58","74"
"21663","69","404.55","25"
"20781","84","404.52","41"
"20793","273","402.75","15"
"20997","81","400.95","28"
"21553","76","399.55","27"
"23466","49","398.25","21"
"20701","282","397.5","13"
"90149","60","395.28","7"
"84726","233","394.85","5"
"20662","697","394.27","25"
"84007","154","392.7","37"
"84905","151","392.25","20"
"20889","656","392","12"
"20753","187","391.1","38"
"47562","104","390","41"
"84016","978","389.76","46"
"21371","368","389.4","41"
"16044","6192","388.8","2"
"20838","391","387.29","39"
"20659","292","387.06","89"
"71403","130","383.5","27"
"84306","35","383.25","19"
"21520","926","383.16","68"
"85090","82","381.3","35"
"35969","452","380.04","40"
"85211","280","379.62","51"
"22032","903","378.42","74"
"21418","162","377.9","35"
"84901","101","376.59","56"
"85007","139","376.35","19"
"21375","96","376.2","28"
"21252","161","375.65","16"
"16218","4525","375.6","70"
"84422","749","374.31","25"
"84680","94","372.3","17"
"16219","3206","371.01","66"
"23039","192","370.8","22"
"21736","190","368.22","22"
"21678","524","366.44","46"
"85204","2156","365.64","78"
"35922","76","362.2","21"
"22259","480","360.96","33"
"21017","551","360.83","39"
"47579","171","359.1","43"
"23429","44","358.6","20"
"16216","4135","358.18","78"
"21729","114","354.5","23"
"22039","850","353","30"
"78033","73","352.75","14"
"72487","826","351.62","13"
"23337","169","351.52","60"
"20903","105","349.95","19"
"84497","93","348.75","32"
"84915","210","347.4","18"
"23576","185","346.35","29"
"23150","139","346.11","40"
"21027","280","344.3","46"
"17181","295","344.25","28"
"79336","832","342.83","16"
"21757","69","341.55","31"
"20666","871","340.65","22"
"82076","271","338.75","6"
"84081","94","337.58","15"
"20976","519","337.35","64"
"23661","204","336.6","23"
"20695","83","336.25","26"
"82081","159","336.25","12"
"84292","42","333.9","12"
"23047","58","333.5","25"
"23420","160","332.8","28"
"21038","160","331.6","49"
"90148","26","331.5","16"
"37464","276","331.32","46"
"84881","52","330.2","22"
"72811","441","328.77","20"
"23116","72","327.6","17"
"20655","269","327.27","91"
"72130","802","326.9","50"
"20902","71","326.05","15"
"21309","49","325.6","5"
"85087","113","325.11","21"
"85112","430","321.5","23"
"21132","77","321.25","29"
"23421","154","320.32","26"
"85070","3","320","3"
"35967","810","319.2","59"
"47597","124","316.2","41"
"23037","193","315.29","18"
"85202","753","314.82","90"
"22395","214","313.86","33"
"82095","41","313.65","22"
"20940","113","312.55","18"
"23339","150","312","58"
"21946","579","307.81","30"
"21306","672","307.39","57"
"44235","824","307.2","22"
"23478","278","307.18","10"
"20688","462","306.9","9"
"23575","164","305.4","22"
"23015","37","305.25","15"
"21943","387","304.83","41"
"84838","49","304","3"
"84627","51","303.45","19"
"21420","116","302.12","25"
"85147","61","301.95","16"
"84522","179","300.45","20"
"23440","164","299.36","5"
"17001","1211","299.35","23"
"21028","237","297.64","40"
"90145","50","297.5","23"
"23695","727","296.7","44"
"20670","664","296.48","22"
"21697","372","295.08","7"
"84192","245","294.85","38"
"21401","1394","293.58","91"
"21025","233","293.5","36"
"20826","355","290.72","14"
"23410","36","290.1","18"
"90192","58","287.1","19"
"21030","230","286.12","39"
"23430","35","285.25","17"
"37413","701","283.71","79"
"84906","59","283.05","18"
"20950","652","282.97","65"
"21402","1589","280.98","102"
"23579","151","280.05","24"
"20663","1037","277.19","15"
"84977","221","276.25","41"
"46118","324","275.4","35"
"35920","1065","275.25","20"
"35968","725","273.16","56"
"21698","453","270.89","48"
"84482","72","270","28"
"72793","55","268.75","10"
"20847","71","266.25","20"
"23481","217","266.21","27"
"85195","145","265.14","16"
"85089","92","264.2","18"
"84576","84","264","21"
"21196","159","262.35","17"
"84623","53","261.35","12"
"22869","133","259.35","27"
"16254","912","258.36","19"
"20800","996","258.2","2"
"22954","205","256.25","37"
"77081","219","255.51","18"
"23137","80","253.24","20"
"90032","45","253.17","21"
"90085","297","252.45","17"
"21341","56","250.8","15"
"21722","295","250.75","40"
"20836","224","250","22"
"16052","810","249.35","21"
"45016","73","248.75","8"
"23476","198","247.5","18"
"21388","291","247.35","27"
"35914","176","247.1","28"
"23474","297","246.51","27"
"22870","126","245.7","19"
"21321","108","245.25","13"
"47481","317","244.97","35"
"35979","83","244.85","19"
"22257","323","244.39","25"
"23149","97","241.53","19"
"90191","32","241.4","14"
"20616","190","240.38","44"
"23495","192","240","24"
"20855","145","239.25","47"
"16212","366","237.9","30"
"84629","24","237.8","13"
"75178","477","237.69","16"
"37483","144","235.44","10"
"79328","586","235.38","11"
"23567","187","233.75","18"
"20906","79","233.05","28"
"17038","2624","232.4","30"
"23475","280","232.4","26"
"79338","547","231.99","10"
"23447","158","231.9","4"
"23465","28","231","15"
"20736","287","230.95","18"
"23446","157","230.25","3"
"47471","387","230.13","41"
"22877","118","230.1","20"
"37508","90","229.5","44"
"84461","90","229.5","34"
"20795","116","228.84","17"
"23036","183","228.75","15"
"90146","35","228.75","13"
"84219","99","228.45","26"
"44234","1187","228.39","39"
"20987","117","228.15","12"
"72781","120","227.4","14"
"20869","460","226.74","31"
"21032","180","226.73","32"
"23003","541","225.78","52"
"22872","115","224.25","18"
"90157","45","222.75","16"
"22874","114","222.3","17"
"21144","505","220.79","42"
"90070","37","220.15","11"
"84499","294","219.66","20"
"90090","258","219.3","17"
"22868","112","218.4","14"
"90208","92","218.4","12"
"22889","171","217.38","10"
"35645","51","216.75","24"
"84725","134","216.5","28"
"23580","111","216.45","21"
"84807","233","215.93","7"
"20901","34","215.9","16"
"84457","254","215.9","40"
"20799","167","215.5","13"
"84902","58","215.34","33"
"20980","172","215","39"
"23141","68","215","18"
"84621","27","214.65","13"
"84690","27","214.65","13"
"22875","110","214.5","18"
"90114","84","214.2","19"
"84882","57","213.75","27"
"84371","28","213.7","4"
"85094","611","212.87","42"
"22876","109","212.55","13"
"21639","249","211.65","13"
"20818","79","211.25","22"
"22871","108","210.6","12"
"21268","385","210.42","38"
"21734","56","210","14"
"21493","247","209.95","22"
"20827","173","209.36","8"
"22873","107","208.65","18"
"21367","198","207.96","45"
"37485","49","207.69","15"
"84744","166","207.5","29"
"20814","187","206.39","12"
"22878","98","205.8","16"
"21095","242","205.7","27"
"35991","388","202.33","47"
"48103","35","201.73","10"
"84723","54","201.3","12"
"21950","185","197.05","2"
"21369","128","195","17"
"21018","229","194.65","37"
"21372","141","193.23","36"
"21582","117","193.05","16"
"35921","154","192.5","26"
"84893","34","192.3","15"
"90087","276","191.76","21"
"21400","1027","189.54","63"
"20837","165","188.07","18"
"21370","50","188.05","16"
"21460","96","187.2","20"
"21543","267","186.95","13"
"16053","4298","182.58","8"
"85128","165","182.09","2"
"84464","83","181.65","11"
"84962","3","179.85","2"
"23697","438","179.64","26"
"16043","2142","179.04","12"
"37506","30","178.5","22"
"90029","21","178.5","10"
"72812","78","175.98","16"
"21368","195","175.05","39"
"35793","101","174.05","8"
"75011","181","172.51","15"
"90119","68","168.72","18"
"79403","197","167.45","23"
"22330","115","166.75","15"
"21102","65","165.75","12"
"84526","84","163.8","31"
"90159","33","163.35","15"
"90151","19","161.5","7"
"23305","82","159.9","9"
"85165","16","159.2","11"
"22864","378","158.76","2"
"21193","84","158.36","14"
"90155","21","157.5","12"
"21031","128","157.41","25"
"16054","1205","156.9","37"
"23143","25","156.8","12"
"23468","19","156.75","11"
"17178","133","156.65","24"
"21226","125","156.25","20"
"82585","132","155.88","21"
"90098","61","155.55","23"
"23416","123","155.07","18"
"84855","31","153.45","11"
"21461","78","152.1","19"
"48175","38","152","1"
"90093","200","150.44","18"
"37471","1384","150.4","4"
"82093","100","150","7"
"21310","5","149.75","3"
"84452","176","149.6","26"
"82587","123","149.19","32"
"84720","35","147.05","3"
"85095","91","145.81","11"
"20796","88","145.2","13"
"20672","116","145","22"
"90048","29","143.55","6"
"22882","99","143.25","26"
"21353","18","143.1","8"
"84564","18","143.1","9"
"82553","86","141.9","20"
"23694","348","141.84","24"
"37422","344","141.68","27"
"84617","11","140.25","7"
"21003","22","139.7","11"
"10120","664","139.44","62"
"90086","190","139.18","19"
"20968","37","138.75","14"
"23304","71","138.45","9"
"23417","140","137.76","21"
"20952","322","135.24","20"
"84527","73","135.15","19"
"84231","204","132.6","34"
"45013","48","132","8"
"22885","93","131.55","17"
"37467","212","131.44","28"
"77079","62","131.44","11"
"48179","28","131.25","6"
"20899","44","129.8","12"
"84228","322","129.24","23"
"20821","26","128.7","10"
"16119","271","128.21","7"
"23303","65","126.75","6"
"84622","21","124.95","7"
"10080","303","124.61","26"
"35015","2064","123.84","38"
"22881","89","123.75","15"
"90173","33","123.75","7"
"20816","24","123.6","7"
"22850","8","123.6","1"
"21087","220","123.22","20"
"84367","73","122.55","7"
"79532","97","121.25","18"
"23463","12","119.4","7"
"84656","20","119","12"
"21228","95","118.75","29"
"35933","312","118.56","23"
"22883","86","117.9","12"
"22884","86","117.9","19"
"23185","323","116.59","30"
"84921","31","116.25","14"
"90144","31","116.25","11"
"20848","39","115.05","12"
"20896","39","115.05","13"
"85190","135","114.75","14"
"84462","99","112.35","13"
"44236","64","112.32","12"
"21412","235","112.14","42"
"22880","83","112.05","14"
"71510","177","112.05","17"
"72133","106","111.62","27"
"84493","1142","111.12","5"
"90170","67","110.55","10"
"20693","26","110.5","12"
"22886","82","110.1","14"
"23496","88","110","22"
"78026","11","110","1"
"84886","11","109.45","8"
"23578","56","109.2","11"
"72134","320","109.16","20"
"90073","22","108.9","7"
"90158","22","108.9","11"
"23151","60","106.9","19"
"23477","85","106.25","8"
"90194","25","106.25","14"
"90108","101","106.05","13"
"84199","515","105.63","62"
"22987","250","105","10"
"23574","14","105","14"
"84458","123","104.55","19"
"20698","43","104.25","18"
"21118","69","104.25","7"
"90049","19","104.07","5"
"10138","247","103.74","16"
"84679","14","103.3","4"
"22887","78","102.3","14"
"21089","318","102.28","36"
"84549","64","100.8","9"
"85050","48","100.8","1"
"72821","61","100.65","14"
"75172","97","100.31","11"
"20697","41","99.15","19"
"20861","47","98.7","15"
"20957","67","97.15","12"
"90137","19","94.05","8"
"84388","73","93.99","22"
"35966","244","92.72","20"
"21343","20","92","3"
"90094","36","91.8","21"
"20664","31","91.45","16"
"20660","73","91.25","26"
"90150","12","90","7"
"84765","7","89.25","4"
"90023","21","89.25","11"
"90133","18","89.1","7"
"90156","18","89.1","7"
"22879","71","88.65","10"
"21337","30","88.5","9"
"84465","30","88.5","20"
"84721","20","87.8","2"
"23442","42","87.36","7"
"35265","21","85","15"
"84923","10","85","5"
"90028","10","85","5"
"90088","99","84.15","12"
"72783","40","84","7"
"72779","49","82.81","15"
"90069","11","82.5","5"
"21699","108","82.44","3"
"16051","938","82.2","3"
"90166","19","80.15","11"
"23464","16","79.2","6"
"37509","31","79.05","14"
"90096","31","79.05","11"
"90115","31","79.05","11"
"72709","92","78.2","13"
"35931","156","78.12","15"
"21450","13","77.35","3"
"90092","91","77.35","7"
"22888","66","77.14","10"
"84593","26","76.7","7"
"23467","23","75.67","5"
"37399","143","75","6"
"84757","5","74.75","4"
"90116","44","74.36","11"
"90099","29","73.95","17"
"15030","254","73.66","26"
"79331","60","73.6","9"
"90112","70","73.5","15"
"84454","85","72.25","13"
"35937","188","71.44","17"
"47420","369","70.11","29"
"20820","14","69.3","8"
"71215","178","68.52","12"
"90089","100","68.5","11"
"84548","41","67.65","12"
"90072","18","67.5","5"
"84455","79","67.15","16"
"40002","78","66.3","1"
"71143","78","66.3","13"
"47598","120","66","23"
"85072","120","66","1"
"79329","100","65.94","7"
"47016","31","65.1","5"
"20835","78","64.98","8"
"90056","6","64.5","1"
"90046","13","64.35","7"
"79534","116","63.8","16"
"20791","5","63.75","1"
"90204","19","63.65","9"
"21489","16","63.2","6"
"90131","9","62.55","4"
"20667","21","61.95","9"
"35973","49","61.25","12"
"35594","144","60.48","21"
"90078","8","60","4"
"90021","5","59.75","4"
"35654","12","59.4","5"
"84539","36","59.4","9"
"84226","75","56.61","17"
"85080","114","56.18","22"
"90100","22","56.1","9"
"22657","65","55.25","7"
"85151","44","55","8"
"90043","10","54.51","6"
"90138","11","54.45","5"
"90084","64","54.4","9"
"79406","245","53.9","15"
"90168","18","53.1","3"
"78027","4","51.9","3"
"20964","20","51","6"
"35840","36","51","5"
"84582","12","51","9"
"90020","4","51","2"
"85069","3","50.85","1"
"20958","26","50.7","9"
"90079","10","49.5","5"
"90104","58","49.3","11"
"35644","25","48.75","7"
"84746","13","48.75","8"
"90051","7","48.65","4"
"72129","74","48.1","17"
"90031","48","48","5"
"84599","6","47.7","2"
"84608","6","47.7","4"
"21347","8","47.6","4"
"20895","16","47.2","4"
"84227","112","47.04","13"
"20988","24","46.8","9"
"84626","1","45.95","1"
"85081","103","45.75","20"
"84447","53","45.05","7"
"35233","12","45","8"
"21685","3","44.85","2"
"90074","5","44.75","4"
"90101","17","43.35","5"
"72724","34","42.5","9"
"90050","6","41.7","2"
"20870","27","41.4","4"
"23448","25","41.25","3"
"35071","48","40.8","5"
"44228","48","40.8","3"
"90174","16","40.8","4"
"20879","62","40.3","8"
"20994","47","39.95","12"
"20860","19","39.9","10"
"84551","24","39.6","6"
"35963","104","39.52","11"
"20905","6","38.1","3"
"23038","41","38.03","6"
"79413","30","37.5","9"
"90140","5","37.5","3"
"82069","5","36.25","2"
"90075","4","35.8","3"
"90169","14","35.7","3"
"90134","12","35.4","2"
"90083","44","34.94","8"
"84546","21","34.65","3"
"35955","135","34.62","4"
"72715","82","34.44","12"
"44265","8","34","4"
"37112","9","33.75","4"
"37348","13","33.15","6"
"20953","19","31.35","7"
"90103","12","30.6","5"
"16050","122","30.5","4"
"90022","8","30","4"
"21767","1","29.95","1"
"90136","3","29.85","2"
"90135","6","29.7","1"
"85079","19","28.85","6"
"21097","33","28.05","7"
"84456","33","28.05","12"
"21267","13","27.3","4"
"23702","4","27","3"
"37468","64","24.96","12"
"90139","5","24.75","3"
"35596","29","24.65","4"
"18010","56","23.52","6"
"46307","14","23.1","4"
"85225","19","22.5","11"
"35652","18","21.5","2"
"21387","25","21.25","4"
"23692","50","21","2"
"90052","3","20.85","1"
"90118","8","20.4","3"
"78056","2","19.9","1"
"90034","2","19.9","2"
"22351","12","19.8","1"
"84550","12","19.8","4"
"20680","6","19.5","4"
"84340","15","19.08","6"
"84311","11","18.15","1"
"71050","51","17.85","8"
"90095","7","17.85","2"
"20887","5","17.25","4"
"72805","10","16.9","3"
"21511","40","16.8","2"
"20891","2","15.9","1"
"84630","2","15.9","1"
"35932","37","15.63","10"
"37481","6","15.3","1"
"90076","6","15.3","1"
"17174","36","15.12","7"
"20890","4","15","1"
"23449","12","15","1"
"21475","1","14.95","1"
"35650","3","14.85","3"
"84567","9","14.85","1"
"90102","17","14.45","3"
"90171","11","13.75","2"
"35936","36","13.68","9"
"21525","2","13.5","2"
"20812","5","12.75","3"
"21772","1","12.75","1"
"35443","15","12.75","9"
"84648","1","12.75","1"
"85083","5","12.75","2"
"90033","5","12.75","2"
"21496","25","10.5","1"
"90041","3","10.5","2"
"20939","12","10.2","1"
"90188","4","10.2","3"
"20822","2","9.3","1"
"23441","22","9.24","3"
"72708","44","9.24","5"
"84572","1","8.49","1"
"90111","8","8.4","6"
"20942","6","7.5","4"
"37438","2","7.5","1"
"84366","2","7.5","2"
"21852","1","6.95","1"
"37409","8","6.8","3"
"37484","1","6.75","1"
"20678","4","6.6","1"
"20858","4","6.6","1"
"79140","15","6.3","2"
"20673","5","6.25","2"
"37408","5","6.25","1"
"82072","5","6.25","3"
"20882","2","5.9","1"
"35537","13","5.46","3"
"21838","1","5.45","1"
"16010","44","5.28","4"
"16215","8","5.2","3"
"90054","2","5.1","2"
"84942","3","5.07","3"
"37451","1","4.95","1"
"85043","1","4.95","1"
"45014","1","4.65","1"
"21409","1","4.25","1"
"20877","10","4.2","3"
"20884","2","4.2","2"
"37432","6","3.9","1"
"35974","1","3.75","1"
"84731","3","3.69","3"
"21081","4","3.4","4"
"35995","4","3.36","4"
"20683","1","3.25","1"
"23630","1","2.99","1"
"20885","1","2.95","1"
"79301","1","2.95","1"
"21036","1","2.55","1"
"35999","1","2.55","1"
"47554","1","2.55","1"
"47556","1","2.55","1"
"47569","1","2.55","1"
"85171","1","2.55","1"
"90055","1","2.55","1"
"90077","1","2.55","1"
"90091","3","2.55","2"
"21225","2","2.5","2"
"37326","2","2.5","1"
"90071","2","2.5","2"
"20620","1","2.1","1"
"17061","52","2.08","1"
"35945","1","1.95","1"
"20881","2","1.7","1"
"35837","2","1.7","1"
"10109","4","1.68","1"
"21585","1","1.65","1"
"23664","1","1.65","1"
"35950","1","1.25","1"
"20721","1","0.85","1"
"35930","1","0.38","1"
